fecha,dato
2016-04-03 00:00:00,1
2016-04-04 00:00:00,0.23851490020751953
2016-04-04 00:00:00,1
2016-04-04 00:00:00,1
2016-04-05 00:00:00,0.04887312650680542
2016-04-06 00:00:00,1
2016-04-06 00:00:00,1
2016-04-06 00:00:00,1
2016-04-07 00:00:00,1
2016-04-07 00:00:00,1.9337949752807617
2016-04-07 00:00:00,1.996547281742096
2016-04-07 00:00:00,1
2016-04-07 00:00:00,1
2016-04-07 00:00:00,1
2016-04-07 00:00:00,1
2016-04-07 00:00:00,1
2016-04-07 00:00:00,1
2016-04-07 00:00:00,1
2016-04-08 00:00:00,1.8894747495651245
2016-04-08 00:00:00,1
2016-04-08 00:00:00,1
2016-04-09 00:00:00,1
2016-04-10 00:00:00,0.005806267261505127
2016-04-10 00:00:00,1.9623132944107056
2016-04-11 00:00:00,1
2016-04-11 00:00:00,1
2016-04-12 00:00:00,0.003535151481628418
2016-04-12 00:00:00,1
2016-04-12 00:00:00,1
2016-04-12 00:00:00,1
2016-04-12 00:00:00,0.37629586458206177
2016-04-12 00:00:00,0.34471410512924194
2016-04-12 00:00:00,1
2016-04-13 00:00:00,1
2016-04-13 00:00:00,1
2016-04-13 00:00:00,1
2016-04-14 00:00:00,1.7563337683677673
2016-04-14 00:00:00,1
2016-04-15 00:00:00,1
2016-04-15 00:00:00,1
2016-04-17 00:00:00,1.980344533920288
2016-04-18 00:00:00,1
2016-04-18 00:00:00,1
2016-04-18 00:00:00,1
2016-04-18 00:00:00,1
2016-04-18 00:00:00,1
2016-04-18 00:00:00,0.014517068862915039
2016-04-19 00:00:00,0.04423856735229492
2016-04-21 00:00:00,0.10017901659011841
2016-04-21 00:00:00,1
2016-04-22 00:00:00,0.1534159779548645
2016-04-25 00:00:00,1.9302536845207214
2016-04-25 00:00:00,1
2016-04-27 00:00:00,1
2016-04-27 00:00:00,1
2016-04-27 00:00:00,0.02853250503540039
2016-04-27 00:00:00,1
2016-04-27 00:00:00,1
2016-04-27 00:00:00,1
2016-04-27 00:00:00,1
2016-04-27 00:00:00,0.06623756885528564
2016-04-28 00:00:00,1
2016-04-28 00:00:00,1
2016-04-28 00:00:00,1
2016-04-29 00:00:00,1
2016-04-29 00:00:00,1
2016-04-30 00:00:00,1
2016-04-30 00:00:00,1
2016-04-30 00:00:00,1
2016-04-30 00:00:00,1
2016-05-01 00:00:00,0.01165693998336792
2016-05-01 00:00:00,1
2016-05-01 00:00:00,0.01371842622756958
2016-05-01 00:00:00,0.3613434433937073
2016-05-01 00:00:00,1.9098407626152039
2016-05-01 00:00:00,1
2016-05-01 00:00:00,0.0486675500869751
2016-05-01 00:00:00,0.05992257595062256
2016-05-01 00:00:00,1
2016-05-01 00:00:00,1
2016-05-01 00:00:00,0.00429922342300415
2016-05-01 00:00:00,1
2016-05-01 00:00:00,0.14425581693649292
2016-05-01 00:00:00,1.7288514971733093
2016-05-01 00:00:00,1
2016-05-03 00:00:00,1
2016-05-03 00:00:00,1
2016-05-03 00:00:00,1
2016-05-05 00:00:00,1
2016-05-06 00:00:00,0.020307838916778564
2016-05-06 00:00:00,0.010895371437072754
2016-05-08 00:00:00,0.233143150806427
2016-05-08 00:00:00,1
2016-05-08 00:00:00,1
2016-05-08 00:00:00,0.0037962794303894043
2016-05-08 00:00:00,1
2016-05-08 00:00:00,1
2016-05-08 00:00:00,1
2016-05-08 00:00:00,1
2016-05-08 00:00:00,1
2016-05-08 00:00:00,1
2016-05-08 00:00:00,1
2016-05-08 00:00:00,1
2016-05-08 00:00:00,0.006041765213012695
2016-05-08 00:00:00,0.01165693998336792
2016-05-08 00:00:00,0.14425581693649292
2016-05-08 00:00:00,0.0894739031791687
2016-05-08 00:00:00,1
2016-05-08 00:00:00,1
2016-05-09 00:00:00,0.012579381465911865
2016-05-09 00:00:00,1
2016-05-10 00:00:00,1
2016-05-11 00:00:00,0.01165693998336792
2016-05-11 00:00:00,1
2016-05-11 00:00:00,1
2016-05-13 00:00:00,1
2016-05-13 00:00:00,1
2016-05-14 00:00:00,1
2016-05-14 00:00:00,1
2016-05-14 00:00:00,1
2016-05-15 00:00:00,1
2016-05-17 00:00:00,1
2016-05-18 00:00:00,1.913296401500702
2016-05-19 00:00:00,1
2016-05-20 00:00:00,1
2016-05-20 00:00:00,1.8728833198547363
2016-05-20 00:00:00,0.3318830132484436
2016-05-20 00:00:00,1
2016-05-20 00:00:00,0.4178260564804077
2016-05-20 00:00:00,1
2016-05-20 00:00:00,1
2016-05-20 00:00:00,1.6977354884147644
2016-05-20 00:00:00,0.02085357904434204
2016-05-20 00:00:00,0.01165693998336792
2016-05-20 00:00:00,0.06347376108169556
2016-05-20 00:00:00,0.02270430326461792
2016-05-20 00:00:00,1
2016-05-20 00:00:00,0.01165693998336792
2016-05-21 00:00:00,0.01371842622756958
2016-05-21 00:00:00,0.0208817720413208
2016-05-21 00:00:00,0.026400327682495117
2016-05-21 00:00:00,1
2016-05-21 00:00:00,0.01165693998336792
2016-05-21 00:00:00,1
2016-05-22 00:00:00,0.01707988977432251
2016-05-22 00:00:00,1
2016-05-23 00:00:00,0.01371842622756958
2016-05-23 00:00:00,1
2016-05-24 00:00:00,0.046575307846069336
2016-05-24 00:00:00,1
2016-05-26 00:00:00,1
2016-05-26 00:00:00,1.984126091003418
2016-05-27 00:00:00,1
2016-05-28 00:00:00,1
2016-05-29 00:00:00,1
2016-05-29 00:00:00,0.19023418426513672
2016-05-29 00:00:00,1
2016-05-29 00:00:00,1
2016-05-29 00:00:00,1.9330207705497742
2016-05-29 00:00:00,0.0486675500869751
2016-05-29 00:00:00,1
2016-05-29 00:00:00,0.2924926280975342
2016-05-30 00:00:00,1
2016-05-31 00:00:00,1
2016-06-01 00:00:00,1
2016-06-02 00:00:00,1
2016-06-02 00:00:00,1.8728764653205872
2016-06-02 00:00:00,1
2016-06-02 00:00:00,1
2016-06-03 00:00:00,1
2016-06-03 00:00:00,1
2016-06-03 00:00:00,1
2016-06-03 00:00:00,1
2016-06-03 00:00:00,1
2016-06-04 00:00:00,0.026898682117462158
2016-06-04 00:00:00,1
2016-06-04 00:00:00,1.9315108060836792
2016-06-05 00:00:00,0.01165693998336792
2016-06-06 00:00:00,1.9564465284347534
2016-06-06 00:00:00,1
2016-06-06 00:00:00,1
2016-06-06 00:00:00,1.9942137598991394
2016-06-07 00:00:00,1.9981971383094788
2016-06-10 00:00:00,1
2016-06-10 00:00:00,1.993796467781067
2016-06-10 00:00:00,1
2016-06-10 00:00:00,1
2016-06-10 00:00:00,0.07587623596191406
2016-06-10 00:00:00,0.02439248561859131
2016-06-10 00:00:00,0.00369870662689209
2016-06-10 00:00:00,1
2016-06-10 00:00:00,1
2016-06-11 00:00:00,1.9885154366493225
2016-06-11 00:00:00,1
2016-06-12 00:00:00,1
2016-06-12 00:00:00,1.9951531887054443
2016-06-13 00:00:00,1.908297598361969
2016-06-14 00:00:00,1
2016-06-15 00:00:00,1
2016-06-15 00:00:00,1
2016-06-18 00:00:00,1
2016-06-19 00:00:00,1
2016-06-19 00:00:00,1
2016-06-20 00:00:00,1
2016-06-21 00:00:00,1
2016-06-21 00:00:00,1
2016-06-21 00:00:00,1
2016-06-21 00:00:00,1.7965016961097717
2016-06-22 00:00:00,1
2016-06-22 00:00:00,0.1696568727493286
2016-06-23 00:00:00,1
2016-06-24 00:00:00,0.33521223068237305
2016-06-24 00:00:00,1.6159728169441223
2016-06-25 00:00:00,1
2016-06-26 00:00:00,1
2016-06-26 00:00:00,1
2016-06-26 00:00:00,1
2016-06-26 00:00:00,1
2016-06-26 00:00:00,1
2016-06-26 00:00:00,0.006711781024932861
2016-06-26 00:00:00,0.04622775316238403
2016-06-26 00:00:00,0.006515920162200928
2016-06-27 00:00:00,1
2016-06-27 00:00:00,1.9263138175010681
2016-06-28 00:00:00,1
2016-06-29 00:00:00,1
2016-06-29 00:00:00,0.04463285207748413
2016-06-30 00:00:00,1
2016-07-03 00:00:00,0.0029463768005371094
2016-07-04 00:00:00,1
2016-07-04 00:00:00,1
2016-07-04 00:00:00,1
2016-07-05 00:00:00,1
2016-07-05 00:00:00,1
2016-07-07 00:00:00,0.009727537631988525
2016-07-08 00:00:00,1.9755190014839172
2016-07-08 00:00:00,1
2016-07-11 00:00:00,1
2016-07-11 00:00:00,1
2016-07-11 00:00:00,0.012332379817962646
2016-07-12 00:00:00,1
2016-07-12 00:00:00,0.36524564027786255
2016-07-13 00:00:00,1
2016-07-13 00:00:00,0.004469096660614014
2016-07-13 00:00:00,0.13653922080993652
2016-07-14 00:00:00,1
2016-07-15 00:00:00,1.8831175565719604
2016-07-15 00:00:00,1.965095043182373
2016-07-15 00:00:00,0.47455036640167236
2016-07-15 00:00:00,1
2016-07-15 00:00:00,1
2016-07-15 00:00:00,1.9240634441375732
2016-07-15 00:00:00,1
2016-07-16 00:00:00,1
2016-07-16 00:00:00,0.09416961669921875
2016-07-16 00:00:00,1
2016-07-16 00:00:00,0.49425870180130005
2016-07-17 00:00:00,0.0208817720413208
2016-07-17 00:00:00,1
2016-07-17 00:00:00,0.01165693998336792
2016-07-17 00:00:00,1
2016-07-17 00:00:00,0.14425581693649292
2016-07-17 00:00:00,1
2016-07-18 00:00:00,1
2016-07-18 00:00:00,1
2016-07-18 00:00:00,0.007210195064544678
2016-07-19 00:00:00,0.01165693998336792
2016-07-19 00:00:00,1
2016-07-20 00:00:00,1
2016-07-20 00:00:00,1.7248526811599731
2016-07-20 00:00:00,1
2016-07-21 00:00:00,1.9941419959068298
2016-07-21 00:00:00,1
2016-07-22 00:00:00,0.08434027433395386
2016-07-22 00:00:00,1
2016-07-22 00:00:00,0.01165693998336792
2016-07-22 00:00:00,0.1609012484550476
2016-07-22 00:00:00,1
2016-07-22 00:00:00,1
2016-07-22 00:00:00,0.0486675500869751
2016-07-22 00:00:00,0.38416987657546997
2016-07-22 00:00:00,1
2016-07-22 00:00:00,0.01165693998336792
2016-07-22 00:00:00,1
2016-07-23 00:00:00,1
2016-07-23 00:00:00,1
2016-07-23 00:00:00,0.010460197925567627
2016-07-24 00:00:00,1
2016-07-25 00:00:00,1
2016-07-26 00:00:00,1
2016-07-27 00:00:00,1
2016-07-27 00:00:00,1
2016-07-27 00:00:00,1
2016-07-27 00:00:00,1
2016-07-27 00:00:00,1
2016-07-27 00:00:00,1
2016-07-27 00:00:00,1
2016-07-27 00:00:00,0.14425581693649292
2016-07-27 00:00:00,1
2016-07-27 00:00:00,0.22020596265792847
2016-07-27 00:00:00,0.15130847692489624
2016-07-27 00:00:00,0.27011680603027344
2016-07-27 00:00:00,0.12004542350769043
2016-07-28 00:00:00,0.49290311336517334
2016-07-28 00:00:00,0.24416875839233398
2016-07-28 00:00:00,1
2016-08-01 00:00:00,1
2016-08-02 00:00:00,1.927303671836853
2016-08-02 00:00:00,1
2016-08-04 00:00:00,0.009270727634429932
2016-08-04 00:00:00,0.19943547248840332
2016-08-04 00:00:00,1
2016-08-06 00:00:00,1
2016-08-07 00:00:00,0.14418667554855347
2016-08-07 00:00:00,0.01371842622756958
2016-08-07 00:00:00,0.01165693998336792
2016-08-07 00:00:00,1
2016-08-07 00:00:00,1
2016-08-07 00:00:00,1
2016-08-09 00:00:00,1
2016-08-09 00:00:00,1
2016-08-11 00:00:00,1
2016-08-11 00:00:00,0.04559510946273804
2016-08-12 00:00:00,0.4382585883140564
2016-08-12 00:00:00,1
2016-08-12 00:00:00,0.01165693998336792
2016-08-12 00:00:00,0.01165693998336792
2016-08-12 00:00:00,1
2016-08-12 00:00:00,1
2016-08-12 00:00:00,0.05149000883102417
2016-08-12 00:00:00,1
2016-08-12 00:00:00,0.0210416316986084
2016-08-12 00:00:00,1
2016-08-12 00:00:00,1
2016-08-13 00:00:00,1
2016-08-13 00:00:00,0.0581052303314209
2016-08-13 00:00:00,0.037171244621276855
2016-08-13 00:00:00,0.14425581693649292
2016-08-13 00:00:00,0.015935897827148438
2016-08-13 00:00:00,0.01165693998336792
2016-08-13 00:00:00,0.01165693998336792
2016-08-13 00:00:00,1
2016-08-14 00:00:00,1.7963936924934387
2016-08-15 00:00:00,1
2016-08-16 00:00:00,0.139853835105896
2016-08-17 00:00:00,1
2016-08-17 00:00:00,1
2016-08-17 00:00:00,1
2016-08-19 00:00:00,1
2016-08-19 00:00:00,0.008539676666259766
2016-08-19 00:00:00,1
2016-08-19 00:00:00,1
2016-08-19 00:00:00,1
2016-08-20 00:00:00,1
2016-08-20 00:00:00,0.49229735136032104
2016-08-21 00:00:00,1
2016-08-21 00:00:00,1
2016-08-21 00:00:00,1
2016-08-21 00:00:00,1
2016-08-21 00:00:00,1
2016-08-21 00:00:00,1
2016-08-21 00:00:00,1
2016-08-21 00:00:00,1.5332642197608948
2016-08-21 00:00:00,1
2016-08-21 00:00:00,1
2016-08-21 00:00:00,0.005314230918884277
2016-08-21 00:00:00,0.02852839231491089
2016-08-21 00:00:00,0.4561411142349243
2016-08-21 00:00:00,1
2016-08-21 00:00:00,1
2016-08-21 00:00:00,0.02812296152114868
2016-08-21 00:00:00,1.8276380896568298
2016-08-22 00:00:00,1
2016-08-22 00:00:00,0.01165693998336792
2016-08-22 00:00:00,1
2016-08-22 00:00:00,0.26531553268432617
2016-08-23 00:00:00,1
2016-08-24 00:00:00,1
2016-08-24 00:00:00,1
2016-08-25 00:00:00,0.02505195140838623
2016-08-25 00:00:00,1
2016-08-25 00:00:00,1
2016-08-25 00:00:00,1.9935880899429321
2016-08-26 00:00:00,1
2016-08-27 00:00:00,1
2016-08-28 00:00:00,1.6769158840179443
2016-08-28 00:00:00,1.8645079731941223
2016-08-30 00:00:00,1
2016-08-30 00:00:00,1
2016-08-31 00:00:00,1
2016-08-31 00:00:00,1.9927746057510376
2016-08-31 00:00:00,1.9865581393241882
2016-09-01 00:00:00,0.0044661760330200195
2016-09-02 00:00:00,1
2016-09-03 00:00:00,1
2016-09-03 00:00:00,1
2016-09-03 00:00:00,1
2016-09-03 00:00:00,1
2016-09-03 00:00:00,1.9881612062454224
2016-09-03 00:00:00,0.029574453830718994
2016-09-03 00:00:00,0.3423048257827759
2016-09-04 00:00:00,1
2016-09-07 00:00:00,1
2016-09-07 00:00:00,0.005225181579589844
2016-09-07 00:00:00,1
2016-09-07 00:00:00,1
2016-09-07 00:00:00,1
2016-09-09 00:00:00,1
2016-09-11 00:00:00,0.22663843631744385
2016-09-12 00:00:00,1
2016-09-13 00:00:00,1
2016-09-15 00:00:00,0.20113080739974976
2016-09-15 00:00:00,0.01165693998336792
2016-09-15 00:00:00,1
2016-09-15 00:00:00,0.0486675500869751
2016-09-15 00:00:00,1
2016-09-15 00:00:00,1
2016-09-15 00:00:00,0.2442891001701355
2016-09-16 00:00:00,1.9419903755187988
2016-09-16 00:00:00,1
2016-09-17 00:00:00,1
2016-09-17 00:00:00,1
2016-09-17 00:00:00,0.21965551376342773
2016-09-17 00:00:00,0.017809748649597168
2016-09-18 00:00:00,1.9470017552375793
2016-09-18 00:00:00,0.04734182357788086
2016-09-18 00:00:00,1
2016-09-18 00:00:00,1
2016-09-19 00:00:00,0.3573165535926819
2016-09-19 00:00:00,1.9923215508460999
2016-09-20 00:00:00,1
2016-09-20 00:00:00,1
2016-09-20 00:00:00,1
2016-09-24 00:00:00,1
2016-09-24 00:00:00,1
2016-09-24 00:00:00,1
2016-09-24 00:00:00,1
2016-09-25 00:00:00,1
2016-09-25 00:00:00,1
2016-09-25 00:00:00,1
2016-09-25 00:00:00,1.6202651858329773
2016-09-25 00:00:00,1
2016-09-26 00:00:00,1
2016-09-26 00:00:00,1
2016-09-26 00:00:00,1
2016-09-26 00:00:00,0.005375325679779053
2016-09-26 00:00:00,0.26756513118743896
2016-09-27 00:00:00,1
2016-09-27 00:00:00,1.7758517861366272
2016-09-27 00:00:00,1.9426068663597107
2016-09-29 00:00:00,0.01901233196258545
2016-09-29 00:00:00,0.3780825138092041
2016-09-30 00:00:00,1
2016-09-30 00:00:00,1
2016-09-30 00:00:00,1
2016-09-30 00:00:00,1
2016-09-30 00:00:00,0.02286660671234131
2016-09-30 00:00:00,1
2016-09-30 00:00:00,0.47458869218826294
2016-10-01 00:00:00,1
2016-10-01 00:00:00,1
2016-10-01 00:00:00,1
2016-10-02 00:00:00,1
2016-10-02 00:00:00,1.4998039901256561
2016-10-03 00:00:00,1
2016-10-03 00:00:00,0.46997880935668945
2016-10-03 00:00:00,1
2016-10-04 00:00:00,1
2016-10-04 00:00:00,1
2016-10-04 00:00:00,1
2016-10-05 00:00:00,1
2016-10-05 00:00:00,1
2016-10-05 00:00:00,1
2016-10-06 00:00:00,1
2016-10-06 00:00:00,1
2016-10-06 00:00:00,1
2016-10-07 00:00:00,1
2016-10-07 00:00:00,1
2016-10-07 00:00:00,1
2016-10-07 00:00:00,1
2016-10-07 00:00:00,1
2016-10-07 00:00:00,1
2016-10-07 00:00:00,1
2016-10-07 00:00:00,1
2016-10-09 00:00:00,1
2016-10-10 00:00:00,1
2016-10-10 00:00:00,1
2016-10-11 00:00:00,1
2016-10-11 00:00:00,1
2016-10-11 00:00:00,1
2016-10-11 00:00:00,1
2016-10-11 00:00:00,1.5012112855911255
2016-10-11 00:00:00,1
2016-10-11 00:00:00,1
2016-10-11 00:00:00,1
2016-10-11 00:00:00,1
2016-10-12 00:00:00,1
2016-10-12 00:00:00,0.44511765241622925
2016-10-12 00:00:00,1
2016-10-12 00:00:00,1
2016-10-12 00:00:00,1
2016-10-13 00:00:00,0.03368782997131348
2016-10-13 00:00:00,1
2016-10-13 00:00:00,0.011881768703460693
2016-10-13 00:00:00,1
2016-10-13 00:00:00,1
2016-10-13 00:00:00,1
2016-10-14 00:00:00,1
2016-10-14 00:00:00,1
2016-10-14 00:00:00,1
2016-10-14 00:00:00,1
2016-10-14 00:00:00,1
2016-10-14 00:00:00,1
2016-10-15 00:00:00,1
2016-10-16 00:00:00,0.21589767932891846
2016-10-17 00:00:00,1
2016-10-17 00:00:00,1
2016-10-17 00:00:00,0.003964245319366455
2016-10-18 00:00:00,1
2016-10-18 00:00:00,1
2016-10-18 00:00:00,1
2016-10-18 00:00:00,1
2016-10-18 00:00:00,0.0037319064140319824
2016-10-19 00:00:00,1
2016-10-19 00:00:00,1
2016-10-20 00:00:00,1
2016-10-20 00:00:00,1
2016-10-20 00:00:00,1
2016-10-21 00:00:00,1
2016-10-21 00:00:00,1
2016-10-21 00:00:00,1
2016-10-22 00:00:00,0.3590354919433594
2016-10-22 00:00:00,1
2016-10-23 00:00:00,1.7130418419837952
2016-10-24 00:00:00,1
2016-10-24 00:00:00,1
2016-10-24 00:00:00,1
2016-10-25 00:00:00,1.796298861503601
2016-10-25 00:00:00,1
2016-10-25 00:00:00,1
2016-10-25 00:00:00,1
2016-10-25 00:00:00,1
2016-10-26 00:00:00,1
2016-10-26 00:00:00,1
2016-10-27 00:00:00,1
2016-10-27 00:00:00,1
2016-10-27 00:00:00,0.02329963445663452
2016-10-27 00:00:00,0.5259589850902557
2016-10-27 00:00:00,1
2016-10-28 00:00:00,1
2016-10-28 00:00:00,1
2016-10-29 00:00:00,1
2016-10-29 00:00:00,0.020307958126068115
2016-10-29 00:00:00,1
2016-10-31 00:00:00,1
2016-10-31 00:00:00,1
2016-10-31 00:00:00,0.013496160507202148
2016-10-31 00:00:00,1
2016-11-01 00:00:00,1
2016-11-01 00:00:00,1
2016-11-01 00:00:00,1.9885665774345398
2016-11-02 00:00:00,1
2016-11-02 00:00:00,1
2016-11-04 00:00:00,0.009855270385742188
2016-11-04 00:00:00,1
2016-11-04 00:00:00,1
2016-11-04 00:00:00,1
2016-11-04 00:00:00,0.06186985969543457
2016-11-04 00:00:00,1
2016-11-05 00:00:00,1
2016-11-06 00:00:00,1
2016-11-07 00:00:00,1
2016-11-07 00:00:00,1
2016-11-07 00:00:00,1
2016-11-08 00:00:00,1
2016-11-08 00:00:00,1
2016-11-08 00:00:00,1.9843357801437378
2016-11-08 00:00:00,1
2016-11-08 00:00:00,1
2016-11-09 00:00:00,1.997743010520935
2016-11-09 00:00:00,1
2016-11-10 00:00:00,0.39287835359573364
2016-11-10 00:00:00,1
2016-11-10 00:00:00,1
2016-11-10 00:00:00,1.998228132724762
2016-11-11 00:00:00,1.929008662700653
2016-11-11 00:00:00,1.9974377155303955
2016-11-12 00:00:00,1
2016-11-12 00:00:00,1
2016-11-14 00:00:00,1
2016-11-14 00:00:00,1
2016-11-14 00:00:00,1
2016-11-14 00:00:00,0.02278316020965576
2016-11-15 00:00:00,1
2016-11-15 00:00:00,1
2016-11-15 00:00:00,1
2016-11-15 00:00:00,1.8525211811065674
2016-11-16 00:00:00,1
2016-11-16 00:00:00,1
2016-11-17 00:00:00,0.009094715118408203
2016-11-17 00:00:00,1
2016-11-18 00:00:00,0.05408245325088501
2016-11-18 00:00:00,1
2016-11-18 00:00:00,1
2016-11-18 00:00:00,0.027220070362091064
2016-11-19 00:00:00,0.006800234317779541
2016-11-20 00:00:00,0.004074692726135254
2016-11-21 00:00:00,1
2016-11-21 00:00:00,1
2016-11-22 00:00:00,0.009150266647338867
2016-11-23 00:00:00,1
2016-11-23 00:00:00,1
2016-11-24 00:00:00,1.9664185643196106
2016-11-25 00:00:00,1.9565902948379517
2016-11-25 00:00:00,0.0939221978187561
2016-11-26 00:00:00,1
2016-11-28 00:00:00,1
2016-11-28 00:00:00,1
2016-11-28 00:00:00,1
2016-11-28 00:00:00,1
2016-11-28 00:00:00,1
2016-11-28 00:00:00,1.9722312688827515
2016-11-29 00:00:00,1.9845443367958069
2016-11-29 00:00:00,1
2016-11-29 00:00:00,1
2016-11-29 00:00:00,1.9086031913757324
2016-11-30 00:00:00,0.152923583984375
2016-11-30 00:00:00,1
2016-12-02 00:00:00,1
2016-12-03 00:00:00,1.803084671497345
2016-12-04 00:00:00,1
2016-12-04 00:00:00,0.01165693998336792
2016-12-04 00:00:00,1
2016-12-05 00:00:00,1
2016-12-06 00:00:00,1
2016-12-07 00:00:00,1
2016-12-09 00:00:00,0.24764978885650635
2016-12-09 00:00:00,1
2016-12-09 00:00:00,1
2016-12-09 00:00:00,1
2016-12-09 00:00:00,0.026152193546295166
2016-12-11 00:00:00,1
2016-12-12 00:00:00,1
2016-12-12 00:00:00,1
2016-12-12 00:00:00,1
2016-12-12 00:00:00,1
2016-12-13 00:00:00,1
2016-12-13 00:00:00,1
2016-12-14 00:00:00,1
2016-12-15 00:00:00,1
2016-12-15 00:00:00,1
2016-12-16 00:00:00,1
2016-12-16 00:00:00,0.01124119758605957
2016-12-17 00:00:00,1
2016-12-17 00:00:00,1
2016-12-18 00:00:00,1
2016-12-19 00:00:00,1
2016-12-20 00:00:00,0.01165693998336792
2016-12-20 00:00:00,1
2016-12-21 00:00:00,0.20117896795272827
2016-12-22 00:00:00,1
2016-12-22 00:00:00,1
2016-12-22 00:00:00,1
2016-12-22 00:00:00,1
2016-12-22 00:00:00,1
2016-12-22 00:00:00,1
2016-12-22 00:00:00,1
2016-12-23 00:00:00,1
2016-12-23 00:00:00,1
2016-12-23 00:00:00,0.15639281272888184
2016-12-23 00:00:00,1
2016-12-23 00:00:00,1
2016-12-24 00:00:00,1
2016-12-24 00:00:00,1
2016-12-24 00:00:00,0.01698058843612671
2016-12-24 00:00:00,0.01371842622756958
2016-12-24 00:00:00,0.007277786731719971
2016-12-24 00:00:00,1
2016-12-24 00:00:00,1
2016-12-24 00:00:00,1
2016-12-24 00:00:00,1
2016-12-24 00:00:00,1
2016-12-24 00:00:00,1
2016-12-24 00:00:00,0.16076397895812988
2016-12-24 00:00:00,0.2298959493637085
2016-12-25 00:00:00,1
2016-12-25 00:00:00,1
2016-12-26 00:00:00,1
2016-12-26 00:00:00,1
2016-12-27 00:00:00,0.006821990013122559
2016-12-30 00:00:00,1.543592095375061
2016-12-30 00:00:00,1
2017-01-01 00:00:00,1
2017-01-02 00:00:00,1
2017-01-02 00:00:00,1.8254249691963196
2017-01-02 00:00:00,1
2017-01-03 00:00:00,1.9934043288230896
2017-01-04 00:00:00,0.01622951030731201
2017-01-05 00:00:00,1
2017-01-05 00:00:00,0.03691357374191284
2017-01-05 00:00:00,1
2017-01-07 00:00:00,1
2017-01-08 00:00:00,0.11257314682006836
2017-01-09 00:00:00,1.987498700618744
2017-01-09 00:00:00,1
2017-01-09 00:00:00,0.004819035530090332
2017-01-11 00:00:00,0.003723740577697754
2017-01-13 00:00:00,0.017172694206237793
2017-01-13 00:00:00,1
2017-01-15 00:00:00,1
2017-01-15 00:00:00,0.04458409547805786
2017-01-15 00:00:00,1
2017-01-15 00:00:00,1.8586376905441284
2017-01-15 00:00:00,1
2017-01-15 00:00:00,0.03393477201461792
2017-01-16 00:00:00,1.7270396947860718
2017-01-16 00:00:00,1.9658389687538147
2017-01-16 00:00:00,1
2017-01-16 00:00:00,1.991063117980957
2017-01-17 00:00:00,1
2017-01-19 00:00:00,1
2017-01-19 00:00:00,1.8903531432151794
2017-01-19 00:00:00,0.44811755418777466
2017-01-19 00:00:00,1
2017-01-19 00:00:00,1
2017-01-19 00:00:00,1
2017-01-20 00:00:00,1
2017-01-21 00:00:00,1
2017-01-22 00:00:00,1
2017-01-22 00:00:00,1.8737753033638
2017-01-22 00:00:00,1.928309977054596
2017-01-22 00:00:00,1
2017-01-23 00:00:00,1
2017-01-23 00:00:00,1
2017-01-24 00:00:00,1
2017-01-24 00:00:00,1
2017-01-24 00:00:00,1.7013410925865173
2017-01-26 00:00:00,0.49214673042297363
2017-01-26 00:00:00,1
2017-01-26 00:00:00,1
2017-01-26 00:00:00,0.13656312227249146
2017-01-27 00:00:00,1
2017-01-27 00:00:00,1.8434301018714905
2017-01-27 00:00:00,1.9889428615570068
2017-01-27 00:00:00,1
2017-01-27 00:00:00,0.005814313888549805
2017-01-27 00:00:00,1
2017-01-27 00:00:00,1
2017-01-27 00:00:00,1
2017-01-27 00:00:00,1
2017-01-27 00:00:00,1.5378679037094116
2017-01-27 00:00:00,1
2017-01-27 00:00:00,1
2017-01-27 00:00:00,1
2017-01-27 00:00:00,1
2017-01-28 00:00:00,1
2017-01-29 00:00:00,0.00722891092300415
2017-01-29 00:00:00,1.7659184336662292
2017-01-29 00:00:00,0.12537670135498047
2017-01-29 00:00:00,1
2017-01-29 00:00:00,0.008231639862060547
2017-01-29 00:00:00,0.49933236837387085
2017-01-29 00:00:00,1
2017-01-30 00:00:00,1.6588367223739624
2017-01-31 00:00:00,1
2017-02-01 00:00:00,1
2017-02-03 00:00:00,1.9475509524345398
2017-02-03 00:00:00,0.44613856077194214
2017-02-03 00:00:00,0.41746431589126587
2017-02-06 00:00:00,1
2017-02-06 00:00:00,1.803762972354889
2017-02-07 00:00:00,1.7569148540496826
2017-02-08 00:00:00,1
2017-02-08 00:00:00,1
2017-02-09 00:00:00,1
2017-02-10 00:00:00,0.13354706764221191
2017-02-10 00:00:00,0.04063194990158081
2017-02-10 00:00:00,1
2017-02-11 00:00:00,1
2017-02-12 00:00:00,1
2017-02-12 00:00:00,0.4379013180732727
2017-02-12 00:00:00,1
2017-02-12 00:00:00,1
2017-02-12 00:00:00,1
2017-02-12 00:00:00,1
2017-02-12 00:00:00,0.07707017660140991
2017-02-12 00:00:00,1.5616422891616821
2017-02-13 00:00:00,1
2017-02-13 00:00:00,1
2017-02-13 00:00:00,1
2017-02-14 00:00:00,1.6508910059928894
2017-02-14 00:00:00,1
2017-02-15 00:00:00,1
2017-02-15 00:00:00,1.9963047504425049
2017-02-15 00:00:00,1.997816801071167
2017-02-15 00:00:00,1
2017-02-16 00:00:00,0.003095567226409912
2017-02-17 00:00:00,1
2017-02-20 00:00:00,1
2017-02-22 00:00:00,1
2017-02-22 00:00:00,1
2017-02-22 00:00:00,1
2017-02-22 00:00:00,1
2017-02-22 00:00:00,1
2017-02-22 00:00:00,0.08880972862243652
2017-02-23 00:00:00,1
2017-02-23 00:00:00,1
2017-02-23 00:00:00,1.9572867155075073
2017-02-23 00:00:00,0.06389844417572021
2017-02-23 00:00:00,0.018752634525299072
2017-02-25 00:00:00,0.12019020318984985
2017-03-01 00:00:00,1
2017-03-01 00:00:00,1.9555683732032776
2017-03-02 00:00:00,0.5067557990550995
2017-03-02 00:00:00,1
2017-03-05 00:00:00,1
2017-03-06 00:00:00,0.06940072774887085
2017-03-06 00:00:00,0.2590597867965698
2017-03-07 00:00:00,1.843512237071991
2017-03-07 00:00:00,1.6217034459114075
2017-03-07 00:00:00,1
2017-03-07 00:00:00,1
2017-03-08 00:00:00,1
2017-03-08 00:00:00,1
2017-03-09 00:00:00,1
2017-03-11 00:00:00,1.9916759729385376
2017-03-12 00:00:00,1
2017-03-13 00:00:00,1
2017-03-14 00:00:00,0.12299978733062744
2017-03-16 00:00:00,1
2017-03-17 00:00:00,1.9400513172149658
2017-03-17 00:00:00,0.3564448356628418
2017-03-18 00:00:00,1
2017-03-18 00:00:00,0.3347212076187134
2017-03-18 00:00:00,0.2887216806411743
2017-03-20 00:00:00,1
2017-03-21 00:00:00,1
2017-03-22 00:00:00,1
2017-03-23 00:00:00,1
2017-03-24 00:00:00,1
2017-03-24 00:00:00,1.8001501560211182
2017-03-24 00:00:00,1
2017-03-24 00:00:00,1.7455889582633972
2017-03-25 00:00:00,1
2017-03-26 00:00:00,1
2017-03-26 00:00:00,1
2017-03-27 00:00:00,1
2017-03-27 00:00:00,1
2017-03-28 00:00:00,1
2017-03-28 00:00:00,1
2017-03-28 00:00:00,1.9502705931663513
2017-03-28 00:00:00,1.5457204580307007
2017-03-28 00:00:00,0.012864291667938232
2017-03-29 00:00:00,1.9131313562393188
2017-03-30 00:00:00,0.005911469459533691
2017-03-30 00:00:00,1
2017-03-31 00:00:00,0.018596649169921875
2017-03-31 00:00:00,1.965422809123993
2017-04-01 00:00:00,1.6005253195762634
2017-04-01 00:00:00,0.005734264850616455
2017-04-03 00:00:00,1
2017-04-04 00:00:00,0.002688169479370117
2017-04-04 00:00:00,0.01165693998336792
2017-04-04 00:00:00,1
2017-04-04 00:00:00,1
2017-04-04 00:00:00,0.14425581693649292
2017-04-04 00:00:00,0.30117589235305786
2017-04-04 00:00:00,1
2017-04-04 00:00:00,1
2017-04-04 00:00:00,1
2017-04-04 00:00:00,1
2017-04-04 00:00:00,1
2017-04-04 00:00:00,0.017152905464172363
2017-04-04 00:00:00,0.38064318895339966
2017-04-04 00:00:00,1
2017-04-04 00:00:00,1
2017-04-04 00:00:00,0.0037282705307006836
2017-04-04 00:00:00,1
2017-04-04 00:00:00,1
2017-04-05 00:00:00,1
2017-04-05 00:00:00,0.01371842622756958
2017-04-05 00:00:00,1
2017-04-05 00:00:00,0.14425581693649292
2017-04-05 00:00:00,0.008304178714752197
2017-04-05 00:00:00,1
2017-04-05 00:00:00,1
2017-04-05 00:00:00,1.6562612056732178
2017-04-05 00:00:00,1.9631274342536926
2017-04-06 00:00:00,1
2017-04-06 00:00:00,1
2017-04-08 00:00:00,1
2017-04-09 00:00:00,1
2017-04-10 00:00:00,1
2017-04-10 00:00:00,1
2017-04-11 00:00:00,1
2017-04-12 00:00:00,1
2017-04-12 00:00:00,1
2017-04-13 00:00:00,0.010895371437072754
2017-04-14 00:00:00,1
2017-04-16 00:00:00,1
2017-04-16 00:00:00,1
2017-04-17 00:00:00,1
2017-04-18 00:00:00,0.00998908281326294
2017-04-21 00:00:00,1
2017-04-22 00:00:00,0.024253368377685547
2017-04-22 00:00:00,1
2017-04-24 00:00:00,1
2017-04-25 00:00:00,1
2017-04-25 00:00:00,1
2017-04-26 00:00:00,0.008190572261810303
2017-04-26 00:00:00,0.01165693998336792
2017-04-26 00:00:00,1
2017-04-26 00:00:00,1
2017-04-26 00:00:00,1
2017-04-26 00:00:00,1
2017-04-28 00:00:00,1
2017-04-28 00:00:00,1
2017-04-29 00:00:00,1.908610463142395
2017-04-30 00:00:00,1
2017-05-01 00:00:00,1
2017-05-01 00:00:00,1.9945355653762817
2017-05-03 00:00:00,0.012311160564422607
2017-05-05 00:00:00,0.0036223530769348145
2017-05-05 00:00:00,1
2017-05-07 00:00:00,1
2017-05-07 00:00:00,1
2017-05-08 00:00:00,1
2017-05-08 00:00:00,1
2017-05-10 00:00:00,1
2017-05-11 00:00:00,1
2017-05-11 00:00:00,0.027003109455108643
2017-05-12 00:00:00,1
2017-05-12 00:00:00,1
2017-05-12 00:00:00,1
2017-05-12 00:00:00,1
2017-05-12 00:00:00,1
2017-05-12 00:00:00,1
2017-05-12 00:00:00,1
2017-05-12 00:00:00,1
2017-05-12 00:00:00,1
2017-05-12 00:00:00,1
2017-05-13 00:00:00,0.02807140350341797
2017-05-14 00:00:00,1
2017-05-14 00:00:00,1
2017-05-14 00:00:00,1
2017-05-15 00:00:00,1
2017-05-17 00:00:00,1
2017-05-18 00:00:00,1.588643193244934
2017-05-21 00:00:00,1
2017-05-22 00:00:00,0.01165693998336792
2017-05-22 00:00:00,1
2017-05-23 00:00:00,0.0703880786895752
2017-05-23 00:00:00,0.021412372589111328
2017-05-24 00:00:00,1
2017-05-24 00:00:00,0.021001100540161133
2017-05-24 00:00:00,0.2210310697555542
2017-05-24 00:00:00,0.3267368674278259
2017-05-24 00:00:00,1
2017-05-24 00:00:00,1.8355546593666077
2017-05-24 00:00:00,0.021193325519561768
2017-05-25 00:00:00,0.026532292366027832
2017-05-25 00:00:00,1
2017-05-26 00:00:00,1
2017-05-26 00:00:00,1
2017-05-26 00:00:00,1
2017-05-27 00:00:00,0.17444396018981934
2017-05-29 00:00:00,0.023142218589782715
2017-05-29 00:00:00,1
2017-05-29 00:00:00,1
2017-05-29 00:00:00,1
2017-05-30 00:00:00,1
2017-05-31 00:00:00,0.009596586227416992
2017-05-31 00:00:00,1
2017-06-01 00:00:00,0.008024990558624268
2017-06-02 00:00:00,1.9859785437583923
2017-06-02 00:00:00,1
2017-06-04 00:00:00,1
2017-06-04 00:00:00,0.030676066875457764
2017-06-05 00:00:00,1.867735743522644
2017-06-05 00:00:00,1
2017-06-06 00:00:00,1
2017-06-06 00:00:00,1
2017-06-06 00:00:00,1
2017-06-07 00:00:00,1.5814703106880188
2017-06-08 00:00:00,1
2017-06-09 00:00:00,1
2017-06-09 00:00:00,1
2017-06-11 00:00:00,1
2017-06-13 00:00:00,1
2017-06-13 00:00:00,1
2017-06-13 00:00:00,1
2017-06-14 00:00:00,1
2017-06-14 00:00:00,1
2017-06-16 00:00:00,1
2017-06-18 00:00:00,1
2017-06-19 00:00:00,1
2017-06-19 00:00:00,1
2017-06-19 00:00:00,1
2017-06-21 00:00:00,1
2017-06-21 00:00:00,1
2017-06-25 00:00:00,1
2017-06-26 00:00:00,0.00847405195236206
2017-06-26 00:00:00,1
2017-06-26 00:00:00,1
2017-06-26 00:00:00,1
2017-06-26 00:00:00,1
2017-06-26 00:00:00,1
2017-06-26 00:00:00,1
2017-06-26 00:00:00,1
2017-06-26 00:00:00,1.8898046016693115
2017-06-26 00:00:00,1
2017-06-26 00:00:00,1
2017-06-26 00:00:00,0.36161553859710693
2017-06-26 00:00:00,1
2017-06-26 00:00:00,1
2017-06-26 00:00:00,1
2017-06-26 00:00:00,1
2017-06-26 00:00:00,1.5728562474250793
2017-06-26 00:00:00,1.9629199504852295
2017-06-26 00:00:00,0.059535980224609375
2017-06-26 00:00:00,1.8678157329559326
2017-06-26 00:00:00,0.3855774998664856
2017-06-26 00:00:00,1
2017-06-26 00:00:00,1
2017-06-26 00:00:00,1
2017-06-26 00:00:00,1
2017-06-27 00:00:00,1
2017-06-27 00:00:00,1.5469967722892761
2017-06-27 00:00:00,1
2017-06-27 00:00:00,1
2017-06-28 00:00:00,1
2017-06-29 00:00:00,0.1803218126296997
2017-06-29 00:00:00,1
2017-06-29 00:00:00,1
2017-06-29 00:00:00,1
2017-06-30 00:00:00,1
2017-07-01 00:00:00,1
2017-07-03 00:00:00,1
2017-07-05 00:00:00,0.01165693998336792
2017-07-05 00:00:00,1
2017-07-06 00:00:00,1.9599668383598328
2017-07-07 00:00:00,0.0072792768478393555
2017-07-07 00:00:00,1
2017-07-07 00:00:00,1
2017-07-08 00:00:00,1.9333412647247314
2017-07-08 00:00:00,1.4915863871574402
2017-07-09 00:00:00,1
2017-07-10 00:00:00,1
2017-07-10 00:00:00,1
2017-07-11 00:00:00,1
2017-07-11 00:00:00,1
2017-07-12 00:00:00,1.5020968914031982
2017-07-13 00:00:00,1
2017-07-13 00:00:00,1
2017-07-15 00:00:00,0.45711296796798706
2017-07-15 00:00:00,0.08792680501937866
2017-07-16 00:00:00,0.22902238368988037
2017-07-16 00:00:00,1
2017-07-17 00:00:00,1.994047999382019
2017-07-17 00:00:00,1
2017-07-19 00:00:00,0.04235494136810303
2017-07-19 00:00:00,1
2017-07-19 00:00:00,1
2017-07-19 00:00:00,1
2017-07-20 00:00:00,0.42956608533859253
2017-07-21 00:00:00,1.5532109141349792
2017-07-22 00:00:00,1
2017-07-23 00:00:00,0.005424618721008301
2017-07-24 00:00:00,1
2017-07-26 00:00:00,1.6013405323028564
2017-07-26 00:00:00,1
2017-07-27 00:00:00,0.052368104457855225
2017-07-29 00:00:00,1
2017-07-31 00:00:00,1
2017-07-31 00:00:00,1
2017-08-01 00:00:00,1
2017-08-02 00:00:00,1
2017-08-02 00:00:00,1.8500957489013672
2017-08-03 00:00:00,1
2017-08-04 00:00:00,1
2017-08-04 00:00:00,0.030029773712158203
2017-08-05 00:00:00,0.007323145866394043
2017-08-06 00:00:00,1
2017-08-08 00:00:00,1
2017-08-08 00:00:00,1.9594952464103699
2017-08-09 00:00:00,1.9850504398345947
2017-08-09 00:00:00,0.0038411617279052734
2017-08-10 00:00:00,1
2017-08-10 00:00:00,1
2017-08-10 00:00:00,0.01165693998336792
2017-08-10 00:00:00,0.12415069341659546
2017-08-10 00:00:00,1
2017-08-11 00:00:00,1
2017-08-11 00:00:00,1.905378520488739
2017-08-12 00:00:00,0.3001551628112793
2017-08-14 00:00:00,1.9835159182548523
2017-08-14 00:00:00,1
2017-08-14 00:00:00,0.433638334274292
2017-08-14 00:00:00,1
2017-08-15 00:00:00,1
2017-08-16 00:00:00,1
2017-08-16 00:00:00,1
2017-08-17 00:00:00,1.9043721556663513
2017-08-18 00:00:00,1.5574151277542114
2017-08-22 00:00:00,1
2017-08-23 00:00:00,0.21935993432998657
2017-08-26 00:00:00,1
2017-08-28 00:00:00,1
2017-08-28 00:00:00,1
2017-08-30 00:00:00,1.617414951324463
2017-08-30 00:00:00,1.9654004573822021
2017-08-31 00:00:00,1
2017-08-31 00:00:00,1
2017-09-01 00:00:00,1.783924162387848
2017-09-02 00:00:00,1
2017-09-02 00:00:00,1
2017-09-03 00:00:00,1
2017-09-05 00:00:00,1
2017-09-05 00:00:00,0.010975182056427002
2017-09-06 00:00:00,1
2017-09-06 00:00:00,1
2017-09-08 00:00:00,1.9566037058830261
2017-09-11 00:00:00,1.50635427236557
2017-09-14 00:00:00,1
2017-09-14 00:00:00,0.004342913627624512
2017-09-14 00:00:00,1
2017-09-15 00:00:00,1
2017-09-15 00:00:00,1
2017-09-16 00:00:00,0.002293705940246582
2017-09-16 00:00:00,1
2017-09-16 00:00:00,0.00549626350402832
2017-09-17 00:00:00,0.10753792524337769
2017-09-18 00:00:00,1
2017-09-19 00:00:00,1.9937825798988342
2017-09-19 00:00:00,1.9968205690383911
2017-09-20 00:00:00,1.761537492275238
2017-09-21 00:00:00,1
2017-09-21 00:00:00,1
2017-09-21 00:00:00,1
2017-09-22 00:00:00,1
2017-09-22 00:00:00,1
2017-09-24 00:00:00,1
2017-09-24 00:00:00,1
2017-09-25 00:00:00,1
2017-09-25 00:00:00,1
2017-09-25 00:00:00,1
2017-09-25 00:00:00,1
2017-09-25 00:00:00,1
2017-09-25 00:00:00,1
2017-09-28 00:00:00,1
2017-09-29 00:00:00,1.585561990737915
2017-09-29 00:00:00,1.9637451171875
2017-10-02 00:00:00,1
2017-10-03 00:00:00,0.01165693998336792
2017-10-04 00:00:00,1
2017-10-05 00:00:00,1
2017-10-06 00:00:00,1
2017-10-06 00:00:00,1
2017-10-06 00:00:00,1
2017-10-07 00:00:00,1
2017-10-08 00:00:00,1.9480997920036316
2017-10-08 00:00:00,1
2017-10-09 00:00:00,1
2017-10-09 00:00:00,1
2017-10-10 00:00:00,1
2017-10-10 00:00:00,1
2017-10-10 00:00:00,1
2017-10-10 00:00:00,1
2017-10-10 00:00:00,1
2017-10-11 00:00:00,0.041206955909729004
2017-10-13 00:00:00,1
2017-10-13 00:00:00,1
2017-10-16 00:00:00,1
2017-10-16 00:00:00,1
2017-10-17 00:00:00,1
2017-10-17 00:00:00,1
2017-10-19 00:00:00,1
2017-10-19 00:00:00,1
2017-10-20 00:00:00,0.0781894326210022
2017-10-21 00:00:00,0.11579316854476929
2017-10-22 00:00:00,1.969719409942627
2017-10-22 00:00:00,1
2017-10-22 00:00:00,1
2017-10-23 00:00:00,1
2017-10-24 00:00:00,1
2017-10-25 00:00:00,1
2017-10-26 00:00:00,1
2017-10-28 00:00:00,1
2017-10-28 00:00:00,0.020648598670959473
2017-10-28 00:00:00,1
2017-10-30 00:00:00,1
2017-10-31 00:00:00,1
2017-10-31 00:00:00,1
2017-10-31 00:00:00,1
2017-11-10 00:00:00,1
2017-11-12 00:00:00,1
2017-11-13 00:00:00,1
2017-11-14 00:00:00,1
2017-11-16 00:00:00,1.983261525630951
2017-11-16 00:00:00,0.3404005169868469
2017-11-16 00:00:00,1.8530572056770325
2017-11-16 00:00:00,0.013262450695037842
2017-11-17 00:00:00,1
2017-11-18 00:00:00,0.4925922155380249
2017-11-19 00:00:00,1
2017-11-21 00:00:00,1
2017-11-22 00:00:00,1
2017-11-23 00:00:00,1
2017-11-24 00:00:00,1.9727017283439636
2017-11-24 00:00:00,1.9943345785140991
2017-11-24 00:00:00,0.061899006366729736
2017-11-25 00:00:00,1.986741840839386
2017-11-27 00:00:00,1
2017-11-28 00:00:00,1.9967496395111084
2017-11-29 00:00:00,1.846160113811493
2017-12-01 00:00:00,0.11214327812194824
2017-12-01 00:00:00,1
2017-12-03 00:00:00,1.691347360610962
2017-12-03 00:00:00,1
2017-12-05 00:00:00,0.2837749719619751
2017-12-05 00:00:00,1
2017-12-05 00:00:00,0.004616796970367432
2017-12-06 00:00:00,1
2017-12-07 00:00:00,1
2017-12-08 00:00:00,1
2017-12-08 00:00:00,1
2017-12-09 00:00:00,0.47838664054870605
2017-12-10 00:00:00,1.784348487854004
2017-12-10 00:00:00,0.4257144331932068
2017-12-10 00:00:00,0.46258288621902466
2017-12-10 00:00:00,1
2017-12-10 00:00:00,1
2017-12-10 00:00:00,0.2571084499359131
2017-12-10 00:00:00,1
2017-12-10 00:00:00,1
2017-12-10 00:00:00,1
2017-12-10 00:00:00,1
2017-12-11 00:00:00,1.55991929769516
2017-12-11 00:00:00,0.017667829990386963
2017-12-11 00:00:00,1
2017-12-11 00:00:00,1.9386684894561768
2017-12-12 00:00:00,0.05973762273788452
2017-12-12 00:00:00,0.16042554378509521
2017-12-13 00:00:00,0.007404744625091553
2017-12-13 00:00:00,1.966338336467743
2017-12-14 00:00:00,0.007569849491119385
2017-12-16 00:00:00,0.151417076587677
2017-12-16 00:00:00,0.13549530506134033
2017-12-18 00:00:00,1.9148486852645874
2017-12-18 00:00:00,1.9929742813110352
2017-12-20 00:00:00,1
2017-12-25 00:00:00,1
2017-12-27 00:00:00,1.7317202687263489
2017-12-27 00:00:00,1
2017-12-30 00:00:00,0.012250840663909912
2017-12-31 00:00:00,0.017660439014434814
2017-12-31 00:00:00,1
2018-01-01 00:00:00,1
2018-01-01 00:00:00,0.5179592072963715
2018-01-02 00:00:00,1
2018-01-02 00:00:00,1
2018-01-03 00:00:00,1
2018-01-03 00:00:00,1
2018-01-04 00:00:00,0.07032287120819092
2018-01-07 00:00:00,0.031491756439208984
2018-01-07 00:00:00,1.9740058779716492
2018-01-08 00:00:00,1
2018-01-10 00:00:00,0.01307767629623413
2018-01-10 00:00:00,1
2018-01-10 00:00:00,1
2018-01-12 00:00:00,0.144584059715271
2018-01-13 00:00:00,1
2018-01-14 00:00:00,1
2018-01-15 00:00:00,1
2018-01-17 00:00:00,1
2018-01-18 00:00:00,1
2018-01-18 00:00:00,1
2018-01-19 00:00:00,1
2018-01-21 00:00:00,1
2018-01-21 00:00:00,1
2018-01-22 00:00:00,1.6219754815101624
2018-01-22 00:00:00,0.0057770609855651855
2018-01-26 00:00:00,1
2018-01-26 00:00:00,1.9965332746505737
2018-01-26 00:00:00,1.6930997371673584
2018-01-26 00:00:00,1
2018-01-26 00:00:00,1
2018-01-26 00:00:00,1
2018-01-26 00:00:00,1
2018-01-26 00:00:00,1
2018-01-26 00:00:00,0.28654205799102783
2018-01-26 00:00:00,1
2018-01-28 00:00:00,0.02744048833847046
2018-01-29 00:00:00,1
2018-01-30 00:00:00,1
2018-01-30 00:00:00,1
2018-01-30 00:00:00,1
2018-01-30 00:00:00,1
2018-01-30 00:00:00,1
2018-01-30 00:00:00,1
2018-01-30 00:00:00,1
2018-01-31 00:00:00,1.7942626476287842
2018-02-02 00:00:00,1
2018-02-05 00:00:00,0.04498785734176636
2018-02-05 00:00:00,1
2018-02-06 00:00:00,0.3426801562309265
2018-02-10 00:00:00,0.14456534385681152
2018-02-10 00:00:00,1.9291552901268005
2018-02-14 00:00:00,1
2018-02-14 00:00:00,1
2018-02-14 00:00:00,1.994507610797882
2018-02-14 00:00:00,1
2018-02-14 00:00:00,1.99600487947464
2018-02-18 00:00:00,0.29235124588012695
2018-02-18 00:00:00,1
2018-02-18 00:00:00,1
2018-02-18 00:00:00,0.010554373264312744
2018-02-19 00:00:00,1.757983386516571
2018-02-19 00:00:00,0.4173436760902405
2018-02-19 00:00:00,1
2018-02-19 00:00:00,1
2018-02-19 00:00:00,1
2018-02-19 00:00:00,0.06508779525756836
2018-02-19 00:00:00,0.0524478554725647
2018-02-20 00:00:00,0.036505699157714844
2018-02-20 00:00:00,1
2018-02-21 00:00:00,1
2018-02-23 00:00:00,1
2018-02-25 00:00:00,1
2018-02-26 00:00:00,1
2018-02-26 00:00:00,1
2018-02-26 00:00:00,0.01165693998336792
2018-02-26 00:00:00,0.01165693998336792
2018-02-26 00:00:00,0.01165693998336792
2018-02-27 00:00:00,0.005277156829833984
2018-02-28 00:00:00,0.09634155035018921
2018-02-28 00:00:00,1.6056028604507446
2018-02-28 00:00:00,1.9806764125823975
2018-02-28 00:00:00,0.047841787338256836
2018-02-28 00:00:00,1.987770915031433
2018-02-28 00:00:00,1.9977776408195496
2018-02-28 00:00:00,1
2018-02-28 00:00:00,1
2018-03-02 00:00:00,0.48517268896102905
2018-03-05 00:00:00,1
2018-03-06 00:00:00,0.014456987380981445
2018-03-06 00:00:00,0.18937808275222778
2018-03-08 00:00:00,0.11673814058303833
2018-03-09 00:00:00,1
2018-03-09 00:00:00,1
2018-03-09 00:00:00,1
2018-03-09 00:00:00,1
2018-03-09 00:00:00,0.3062799572944641
2018-03-10 00:00:00,1.5735187530517578
2018-03-11 00:00:00,1
2018-03-11 00:00:00,1
2018-03-11 00:00:00,1
2018-03-11 00:00:00,1
2018-03-11 00:00:00,1
2018-03-12 00:00:00,0.017094850540161133
2018-03-12 00:00:00,1
2018-03-12 00:00:00,1
2018-03-13 00:00:00,1
2018-03-13 00:00:00,1
2018-03-19 00:00:00,1
2018-03-19 00:00:00,1
2018-03-19 00:00:00,1
2018-03-19 00:00:00,1
2018-03-19 00:00:00,1.9051347970962524
2018-03-19 00:00:00,1
2018-03-19 00:00:00,1
2018-03-19 00:00:00,1
2018-03-19 00:00:00,1
2018-03-19 00:00:00,1
2018-03-20 00:00:00,1
2018-03-20 00:00:00,0.2725706100463867
2018-03-20 00:00:00,1
2018-03-20 00:00:00,1
2018-03-20 00:00:00,1
2018-03-22 00:00:00,1
2018-03-22 00:00:00,1
2018-03-22 00:00:00,1
2018-03-23 00:00:00,1
2018-03-23 00:00:00,1
2018-03-23 00:00:00,1
2018-03-23 00:00:00,1.9967183470726013
2018-03-23 00:00:00,1
2018-03-26 00:00:00,1
2018-03-26 00:00:00,1
2018-03-26 00:00:00,1
2018-03-26 00:00:00,0.3258061408996582
2018-03-26 00:00:00,1
2018-04-01 00:00:00,0.005573630332946777
2018-04-02 00:00:00,1
2018-04-03 00:00:00,1
2018-04-05 00:00:00,1
2018-04-05 00:00:00,1
2018-04-10 00:00:00,1.9196405410766602
2018-04-12 00:00:00,1
2018-04-13 00:00:00,0.042686402797698975
2018-04-14 00:00:00,1
2018-04-14 00:00:00,1
2018-04-14 00:00:00,1.9680424928665161
2018-04-15 00:00:00,1
2018-04-19 00:00:00,1
2018-04-20 00:00:00,1
2018-04-22 00:00:00,0.015647470951080322
2018-04-23 00:00:00,1
2018-04-24 00:00:00,1
2018-04-24 00:00:00,1
2018-04-24 00:00:00,1
2018-04-24 00:00:00,1.9920440912246704
2018-04-24 00:00:00,1.9983391761779785
2018-04-24 00:00:00,0.1255285143852234
2018-04-24 00:00:00,0.016328811645507812
2018-04-24 00:00:00,1
2018-04-24 00:00:00,1
2018-04-24 00:00:00,1.9959772229194641
2018-04-24 00:00:00,1.9725344777107239
2018-04-24 00:00:00,1.5611658096313477
2018-04-25 00:00:00,1
2018-04-25 00:00:00,0.053048908710479736
2018-04-25 00:00:00,1
2018-04-25 00:00:00,1
2018-04-25 00:00:00,1.9888370037078857
2018-04-25 00:00:00,1
2018-04-25 00:00:00,1
2018-04-25 00:00:00,1
2018-04-25 00:00:00,0.016850173473358154
2018-04-26 00:00:00,1
2018-04-26 00:00:00,1
2018-04-29 00:00:00,1.9925854802131653
2018-04-29 00:00:00,1
2018-04-30 00:00:00,1
2018-04-30 00:00:00,1.9012278318405151
2018-04-30 00:00:00,1.9705358147621155
2018-05-02 00:00:00,1.940218210220337
2018-05-03 00:00:00,0.017450928688049316
2018-05-03 00:00:00,1.861269772052765
2018-05-03 00:00:00,1.9988228678703308
2018-05-04 00:00:00,1
2018-05-04 00:00:00,0.14775025844573975
2018-05-05 00:00:00,0.07446956634521484
2018-05-05 00:00:00,1.9954261183738708
2018-05-05 00:00:00,0.021434128284454346
2018-05-05 00:00:00,1
2018-05-07 00:00:00,1.8934125900268555
2018-05-11 00:00:00,1
2018-05-11 00:00:00,1
2018-05-11 00:00:00,1
2018-05-11 00:00:00,1
2018-05-11 00:00:00,1
2018-05-11 00:00:00,1
2018-05-11 00:00:00,1
2018-05-17 00:00:00,1
2018-05-20 00:00:00,1.817681610584259
2018-05-20 00:00:00,1
2018-05-20 00:00:00,1.944476842880249
2018-05-22 00:00:00,1
2018-05-22 00:00:00,1
2018-05-23 00:00:00,0.004157841205596924
2018-05-23 00:00:00,1
2018-05-23 00:00:00,0.0043367743492126465
2018-05-23 00:00:00,1
2018-05-23 00:00:00,1
2018-05-24 00:00:00,1
2018-05-25 00:00:00,1
2018-05-25 00:00:00,1.9872717261314392
2018-05-25 00:00:00,1
2018-05-26 00:00:00,1
2018-05-27 00:00:00,1
2018-05-28 00:00:00,1
2018-05-28 00:00:00,1.846060037612915
2018-05-30 00:00:00,1
2018-05-31 00:00:00,1
2018-05-31 00:00:00,1
2018-06-01 00:00:00,1
2018-06-02 00:00:00,1
2018-06-03 00:00:00,0.005293786525726318
2018-06-03 00:00:00,1.4852122366428375
2018-06-03 00:00:00,0.003611922264099121
2018-06-07 00:00:00,0.04563087224960327
2018-06-07 00:00:00,0.04563087224960327
2018-06-08 00:00:00,1
2018-06-09 00:00:00,1
2018-06-10 00:00:00,0.017698049545288086
2018-06-11 00:00:00,1
2018-06-11 00:00:00,1
2018-06-11 00:00:00,0.058035194873809814
2018-06-12 00:00:00,1
2018-06-14 00:00:00,1.9947987794876099
2018-06-14 00:00:00,1
2018-06-14 00:00:00,1
2018-06-14 00:00:00,1
2018-06-14 00:00:00,1
2018-06-14 00:00:00,1
2018-06-14 00:00:00,1
2018-06-14 00:00:00,1
2018-06-14 00:00:00,1
2018-06-14 00:00:00,1.8882541060447693
2018-06-16 00:00:00,1
2018-06-16 00:00:00,1
2018-06-16 00:00:00,1
2018-06-17 00:00:00,1
2018-06-18 00:00:00,1
2018-06-18 00:00:00,1
2018-06-18 00:00:00,1
2018-06-18 00:00:00,1
2018-06-18 00:00:00,1
2018-06-19 00:00:00,1
2018-06-19 00:00:00,1
2018-06-20 00:00:00,0.004686117172241211
2018-06-21 00:00:00,1.9951086640357971
2018-06-24 00:00:00,1
2018-06-24 00:00:00,0.10807281732559204
2018-06-25 00:00:00,1
2018-06-25 00:00:00,1.6212878823280334
2018-06-26 00:00:00,1.8188790678977966
2018-06-28 00:00:00,1
2018-06-28 00:00:00,1
2018-06-29 00:00:00,1
2018-06-29 00:00:00,1
2018-06-29 00:00:00,1
2018-07-01 00:00:00,1
2018-07-01 00:00:00,1
2018-07-02 00:00:00,1
2018-07-02 00:00:00,1
2018-07-05 00:00:00,1.9903340935707092
2018-07-05 00:00:00,1
2018-07-06 00:00:00,1
2018-07-06 00:00:00,1
2018-07-08 00:00:00,1
2018-07-09 00:00:00,1
2018-07-09 00:00:00,1.8142462372779846
2018-07-09 00:00:00,1
2018-07-09 00:00:00,1
2018-07-10 00:00:00,1.9924325942993164
2018-07-10 00:00:00,1.970425009727478
2018-07-10 00:00:00,1
2018-07-10 00:00:00,1.959348201751709
2018-07-12 00:00:00,1.5631190538406372
2018-07-12 00:00:00,1.6267598271369934
2018-07-12 00:00:00,1.9051920175552368
2018-07-13 00:00:00,1
2018-07-13 00:00:00,1
2018-07-13 00:00:00,1
2018-07-13 00:00:00,1
2018-07-14 00:00:00,1
2018-07-14 00:00:00,0.08009403944015503
2018-07-16 00:00:00,0.42132753133773804
2018-07-16 00:00:00,1.552894949913025
2018-07-17 00:00:00,1
2018-07-17 00:00:00,1
2018-07-17 00:00:00,1
2018-07-18 00:00:00,1
2018-07-18 00:00:00,0.44471830129623413
2018-07-19 00:00:00,1
2018-07-19 00:00:00,1
2018-07-20 00:00:00,1
2018-07-21 00:00:00,0.006746113300323486
2018-07-23 00:00:00,1.982896625995636
2018-07-23 00:00:00,1
2018-07-24 00:00:00,1
2018-07-24 00:00:00,1
2018-07-25 00:00:00,1
2018-07-25 00:00:00,1
2018-07-25 00:00:00,1.9097877740859985
2018-07-26 00:00:00,1
2018-07-26 00:00:00,1.9519981741905212
2018-07-26 00:00:00,1.802491545677185
2018-07-26 00:00:00,1
2018-07-26 00:00:00,1
2018-07-28 00:00:00,1.9976683259010315
2018-07-29 00:00:00,1
2018-07-29 00:00:00,1.9355419278144836
2018-07-30 00:00:00,1
2018-08-01 00:00:00,1
2018-08-05 00:00:00,0.3714953660964966
2018-08-06 00:00:00,1
2018-08-06 00:00:00,1
2018-08-07 00:00:00,1
2018-08-07 00:00:00,1
2018-08-08 00:00:00,1.994044840335846
2018-08-08 00:00:00,1.7091307640075684
2018-08-08 00:00:00,1
2018-08-09 00:00:00,1
2018-08-09 00:00:00,1
2018-08-10 00:00:00,1
2018-08-10 00:00:00,1
2018-08-10 00:00:00,1
2018-08-10 00:00:00,1
2018-08-10 00:00:00,0.008163034915924072
2018-08-11 00:00:00,1
2018-08-11 00:00:00,1
2018-08-11 00:00:00,1
2018-08-11 00:00:00,1
2018-08-12 00:00:00,1
2018-08-14 00:00:00,1.8428625464439392
2018-08-16 00:00:00,1
2018-08-16 00:00:00,1
2018-08-17 00:00:00,1
2018-08-17 00:00:00,1
2018-08-17 00:00:00,1
2018-08-18 00:00:00,0.0040323734283447266
2018-08-18 00:00:00,1.9373869895935059
2018-08-19 00:00:00,1
2018-08-20 00:00:00,1.6543286442756653
2018-08-21 00:00:00,1
2018-08-22 00:00:00,1
2018-08-22 00:00:00,1
2018-08-22 00:00:00,1
2018-08-23 00:00:00,1.68460351228714
2018-08-24 00:00:00,0.17422819137573242
2018-08-26 00:00:00,0.013867020606994629
2018-08-27 00:00:00,1
2018-08-28 00:00:00,0.05897247791290283
2018-08-30 00:00:00,1
2018-09-01 00:00:00,0.4954069256782532
2018-09-01 00:00:00,1
2018-09-02 00:00:00,1
2018-09-02 00:00:00,1
2018-09-03 00:00:00,1
2018-09-03 00:00:00,1
2018-09-04 00:00:00,1.9964532852172852
2018-09-04 00:00:00,1.639477014541626
2018-09-09 00:00:00,1
2018-09-12 00:00:00,1
2018-09-13 00:00:00,1
2018-09-13 00:00:00,0.19923114776611328
2018-09-14 00:00:00,1
2018-09-14 00:00:00,1.7127521634101868
2018-09-15 00:00:00,1
2018-09-17 00:00:00,1
2018-09-17 00:00:00,1
2018-09-18 00:00:00,1
2018-09-19 00:00:00,1
2018-09-19 00:00:00,1
2018-09-20 00:00:00,1.9973061084747314
2018-09-20 00:00:00,1
2018-09-21 00:00:00,1.7964503765106201
2018-09-22 00:00:00,1
2018-09-24 00:00:00,1
2018-09-24 00:00:00,1.9544324278831482
2018-09-26 00:00:00,1
2018-09-27 00:00:00,1
2018-09-27 00:00:00,1
2018-09-30 00:00:00,1
2018-10-01 00:00:00,1
2018-10-01 00:00:00,1
2018-10-03 00:00:00,1
2018-10-04 00:00:00,1
2018-10-04 00:00:00,1
2018-10-05 00:00:00,1
2018-10-05 00:00:00,1
2018-10-06 00:00:00,1
2018-10-07 00:00:00,1
2018-10-08 00:00:00,1
2018-10-09 00:00:00,1
2018-10-09 00:00:00,1
2018-10-09 00:00:00,1
2018-10-10 00:00:00,1.9976765513420105
2018-10-10 00:00:00,1
2018-10-10 00:00:00,1
2018-10-10 00:00:00,1
2018-10-10 00:00:00,0.3904355764389038
2018-10-10 00:00:00,1
2018-10-10 00:00:00,0.27201032638549805
2018-10-10 00:00:00,1
2018-10-10 00:00:00,1
2018-10-11 00:00:00,1
2018-10-12 00:00:00,1
2018-10-12 00:00:00,1
2018-10-12 00:00:00,1
2018-10-12 00:00:00,1
2018-10-12 00:00:00,1
2018-10-12 00:00:00,1
2018-10-12 00:00:00,1.8303025364875793
2018-10-13 00:00:00,0.28992748260498047
2018-10-14 00:00:00,1
2018-10-14 00:00:00,1
2018-10-17 00:00:00,0.0377810001373291
2018-10-17 00:00:00,1
2018-10-19 00:00:00,1
2018-10-20 00:00:00,0.14593201875686646
2018-10-22 00:00:00,1
2018-10-22 00:00:00,1.9959368705749512
2018-10-24 00:00:00,1.9335486888885498
2018-10-26 00:00:00,1
2018-10-29 00:00:00,1
2018-10-29 00:00:00,0.32865333557128906
2018-10-29 00:00:00,1
2018-10-29 00:00:00,1
2018-10-29 00:00:00,1
2018-10-30 00:00:00,0.20626360177993774
2018-10-30 00:00:00,1
2018-10-30 00:00:00,1
2018-10-31 00:00:00,1
2018-11-03 00:00:00,1
2018-11-04 00:00:00,1
2018-11-05 00:00:00,1.764194130897522
2018-11-06 00:00:00,1
2018-11-06 00:00:00,1.9871684312820435
2018-11-08 00:00:00,1
2018-11-08 00:00:00,1
2018-11-10 00:00:00,1.9873188138008118
2018-11-10 00:00:00,1
2018-11-10 00:00:00,1
2018-11-13 00:00:00,1
2018-11-13 00:00:00,1.997229278087616
2018-11-14 00:00:00,1
2018-11-15 00:00:00,1
2018-11-15 00:00:00,0.3394353985786438
2018-11-16 00:00:00,1.5211714506149292
2018-11-18 00:00:00,1
2018-11-20 00:00:00,1.994563639163971
2018-11-21 00:00:00,1.5167005062103271
2018-11-22 00:00:00,1
2018-11-22 00:00:00,1
2018-11-25 00:00:00,1.997553527355194
2018-11-25 00:00:00,1.9815954566001892
2018-11-27 00:00:00,1
2018-11-27 00:00:00,0.050842463970184326
2018-11-27 00:00:00,1
2018-11-27 00:00:00,1
2018-11-28 00:00:00,1.9951983094215393
2018-11-28 00:00:00,1
2018-11-29 00:00:00,1.9973581433296204
2018-11-30 00:00:00,1
2018-11-30 00:00:00,1
2018-12-04 00:00:00,1
2018-12-04 00:00:00,1
2018-12-04 00:00:00,1.9941885471343994
2018-12-04 00:00:00,1.9951063394546509
2018-12-05 00:00:00,1.5699190497398376
2018-12-05 00:00:00,1.9805830121040344
2018-12-05 00:00:00,1.9904342889785767
2018-12-06 00:00:00,1
2018-12-06 00:00:00,0.43556666374206543
2018-12-07 00:00:00,1
2018-12-07 00:00:00,0.2324262261390686
2018-12-08 00:00:00,1.8529672622680664
2018-12-10 00:00:00,1.962405025959015
2018-12-11 00:00:00,1
2018-12-13 00:00:00,1.9377343654632568
2018-12-13 00:00:00,1.9971729516983032
2018-12-14 00:00:00,1.8374184370040894
2018-12-15 00:00:00,1
2018-12-15 00:00:00,1
2018-12-15 00:00:00,0.12535136938095093
2018-12-17 00:00:00,1.604724109172821
2018-12-18 00:00:00,0.035255610942840576
2018-12-18 00:00:00,1
2018-12-19 00:00:00,0.4029967188835144
2018-12-19 00:00:00,0.024017691612243652
2018-12-20 00:00:00,0.1156090497970581
2018-12-21 00:00:00,1
2018-12-21 00:00:00,0.03225994110107422
2018-12-22 00:00:00,1
2018-12-23 00:00:00,1
2018-12-23 00:00:00,1.995578110218048
2018-12-24 00:00:00,1
2018-12-26 00:00:00,1.9973338842391968
2018-12-27 00:00:00,1.995653748512268
2018-12-27 00:00:00,1
2018-12-29 00:00:00,1.9140196442604065
2019-01-01 00:00:00,1
2019-01-02 00:00:00,1.9954272508621216
2019-01-02 00:00:00,1.98633873462677
2019-01-03 00:00:00,1.9524484872817993
2019-01-04 00:00:00,1.9885359406471252
2019-01-04 00:00:00,1
2019-01-05 00:00:00,1.9164230823516846
2019-01-05 00:00:00,1.7015845775604248
2019-01-07 00:00:00,1
2019-01-08 00:00:00,1
2019-01-09 00:00:00,1.75446355342865
2019-01-10 00:00:00,1
2019-01-11 00:00:00,1
2019-01-12 00:00:00,1
2019-01-12 00:00:00,1
2019-01-12 00:00:00,1
2019-01-12 00:00:00,1
2019-01-14 00:00:00,1.9968229532241821
2019-01-14 00:00:00,0.015486299991607666
2019-01-15 00:00:00,1
2019-01-15 00:00:00,1
2019-01-16 00:00:00,1
2019-01-17 00:00:00,1.9882104396820068
2019-01-17 00:00:00,1
2019-01-17 00:00:00,1
2019-01-19 00:00:00,1.971960723400116
2019-01-19 00:00:00,1.9978234767913818
2019-01-20 00:00:00,1
2019-01-21 00:00:00,1.944222867488861
2019-01-21 00:00:00,1.985352098941803
2019-01-23 00:00:00,1
2019-01-23 00:00:00,1
2019-01-24 00:00:00,1
2019-01-24 00:00:00,0.18144536018371582
2019-01-26 00:00:00,0.012956678867340088
2019-01-26 00:00:00,1.9932013154029846
2019-01-26 00:00:00,0.15416598320007324
2019-01-26 00:00:00,0.5214994251728058
2019-01-26 00:00:00,1
2019-01-27 00:00:00,1.991688072681427
2019-01-29 00:00:00,1.867794394493103
2019-01-30 00:00:00,1.995391845703125
2019-01-31 00:00:00,1
2019-01-31 00:00:00,1
2019-02-01 00:00:00,1.8419244885444641
2019-02-01 00:00:00,1.9886530041694641
2019-02-03 00:00:00,1
2019-02-03 00:00:00,0.008179068565368652
2019-02-03 00:00:00,1.9713289141654968
2019-02-04 00:00:00,1.8847793340682983
2019-02-05 00:00:00,0.2864221930503845
2019-02-05 00:00:00,1
2019-02-05 00:00:00,1
2019-02-06 00:00:00,1
2019-02-06 00:00:00,1
2019-02-06 00:00:00,1
2019-02-06 00:00:00,1
2019-02-07 00:00:00,0.24188345670700073
2019-02-08 00:00:00,1
2019-02-08 00:00:00,1
2019-02-08 00:00:00,1
2019-02-09 00:00:00,0.19515246152877808
2019-02-09 00:00:00,0.28370201587677
2019-02-10 00:00:00,0.42576754093170166
2019-02-10 00:00:00,1
2019-02-10 00:00:00,1
2019-02-10 00:00:00,0.005233645439147949
2019-02-11 00:00:00,1
2019-02-12 00:00:00,0.11353105306625366
2019-02-12 00:00:00,1
2019-02-13 00:00:00,1
2019-02-14 00:00:00,1
2019-02-14 00:00:00,1.9683391451835632
2019-02-15 00:00:00,0.00853508710861206
2019-02-16 00:00:00,0.16180622577667236
2019-02-16 00:00:00,1
2019-02-18 00:00:00,1.8695327043533325
2019-02-18 00:00:00,1.8783942461013794
2019-02-20 00:00:00,0.22147995233535767
2019-02-21 00:00:00,1.5000604391098022
2019-02-21 00:00:00,1
2019-02-22 00:00:00,0.06688028573989868
2019-02-23 00:00:00,0.17716079950332642
2019-02-23 00:00:00,0.23885124921798706
2019-02-24 00:00:00,1
2019-02-26 00:00:00,0.09144127368927002
2019-02-27 00:00:00,1.9891712069511414
2019-03-01 00:00:00,1.9935916066169739
2019-03-05 00:00:00,1.9811290502548218
2019-03-06 00:00:00,0.16573137044906616
2019-03-08 00:00:00,1
2019-03-10 00:00:00,1
2019-03-11 00:00:00,1.9953036308288574
2019-03-11 00:00:00,1
2019-03-12 00:00:00,1
2019-03-13 00:00:00,0.007683157920837402
2019-03-15 00:00:00,0.36910027265548706
2019-03-15 00:00:00,1
2019-03-18 00:00:00,1.7417803406715393
2019-03-20 00:00:00,1.9778457283973694
2019-03-21 00:00:00,1.9962663054466248
2019-03-21 00:00:00,1
2019-03-23 00:00:00,0.4021063446998596
2019-03-24 00:00:00,1
2019-03-26 00:00:00,1.9965067505836487
2019-03-27 00:00:00,1
2019-03-27 00:00:00,1.9932076334953308
2019-03-29 00:00:00,0.1539962887763977
2019-03-29 00:00:00,1.7736415266990662
2019-03-29 00:00:00,1
2019-03-29 00:00:00,1
2019-03-29 00:00:00,0.02457296848297119
2019-03-31 00:00:00,0.3422517776489258
2019-04-03 00:00:00,1.9542109966278076
2019-04-03 00:00:00,1
2019-04-05 00:00:00,1.993909478187561
2019-04-05 00:00:00,1
2019-04-06 00:00:00,0.003562331199645996
2019-04-10 00:00:00,1
2019-04-12 00:00:00,1.643933117389679
2019-04-12 00:00:00,1.991402804851532
2019-04-13 00:00:00,0.01227957010269165
2019-04-14 00:00:00,1
2019-04-15 00:00:00,1
2019-04-15 00:00:00,1.99535071849823
2019-04-16 00:00:00,1.995618224143982
2019-04-16 00:00:00,0.4439476728439331
2019-04-17 00:00:00,1.9736953973770142
2019-04-22 00:00:00,1.998001515865326
2019-04-23 00:00:00,1
2019-04-24 00:00:00,1
2019-04-24 00:00:00,1.997186005115509
2019-04-26 00:00:00,0.004190802574157715
2019-04-26 00:00:00,1
2019-04-27 00:00:00,0.04467540979385376
2019-04-29 00:00:00,1.9816752076148987
2019-04-30 00:00:00,1
2019-04-30 00:00:00,1
2019-05-01 00:00:00,1.9714178442955017
2019-05-01 00:00:00,1
2019-05-01 00:00:00,1
2019-05-03 00:00:00,1
2019-05-03 00:00:00,1.9181199073791504
2019-05-03 00:00:00,1.9545470476150513
2019-05-03 00:00:00,1.9545470476150513
2019-05-04 00:00:00,1
2019-05-06 00:00:00,1.9683714509010315
2019-05-06 00:00:00,1
2019-05-07 00:00:00,1.4945672154426575
2019-05-08 00:00:00,1.939469337463379
2019-05-09 00:00:00,1.9938122034072876
2019-05-10 00:00:00,1
2019-05-12 00:00:00,1.937533676624298
2019-05-14 00:00:00,0.10147219896316528
2019-05-14 00:00:00,1
2019-05-15 00:00:00,1
2019-05-16 00:00:00,1.9946752786636353
2019-05-16 00:00:00,1.9946752786636353
2019-05-17 00:00:00,1.9972665309906006
2019-05-19 00:00:00,0.03490495681762695
2019-05-20 00:00:00,1.998761773109436
2019-05-20 00:00:00,1.9946240782737732
2019-05-22 00:00:00,1.9874330163002014
2019-05-23 00:00:00,0.007142305374145508
2019-05-24 00:00:00,1
2019-05-25 00:00:00,1
2019-05-27 00:00:00,0.03797346353530884
2019-05-28 00:00:00,1
2019-05-29 00:00:00,1
2019-05-30 00:00:00,0.049977898597717285
2019-06-01 00:00:00,1
2019-06-01 00:00:00,0.13561779260635376
2019-06-04 00:00:00,1.9976202845573425
2019-06-05 00:00:00,1.9839887022972107
2019-06-05 00:00:00,1.9761502742767334
2019-06-06 00:00:00,0.4265826344490051
2019-06-07 00:00:00,0.06700128316879272
2019-06-08 00:00:00,0.008367061614990234
2019-06-09 00:00:00,0.07560992240905762
2019-06-10 00:00:00,1.8052062392234802
2019-06-11 00:00:00,1.6830511093139648
2019-06-11 00:00:00,0.008529245853424072
2019-06-12 00:00:00,1.9879762530326843
2019-06-13 00:00:00,1.7543238997459412
2019-06-14 00:00:00,1
2019-06-14 00:00:00,1
2019-06-14 00:00:00,1
2019-06-15 00:00:00,1.9966968297958374
2019-06-16 00:00:00,0.048403382301330566
2019-06-17 00:00:00,0.17026233673095703
2019-06-17 00:00:00,1.995797038078308
2019-06-19 00:00:00,1.9955422282218933
2019-06-20 00:00:00,0.03836262226104736
2019-06-20 00:00:00,1.9957373142242432
2019-06-21 00:00:00,1.9951777458190918
2019-06-22 00:00:00,1.5427243113517761
2019-06-24 00:00:00,1.7087302803993225
2019-06-25 00:00:00,1.888156533241272
2019-06-26 00:00:00,1
2019-06-27 00:00:00,0.010298967361450195
2019-06-27 00:00:00,0.02693265676498413
2019-06-28 00:00:00,1.9719452857971191
2019-06-29 00:00:00,1
2019-06-30 00:00:00,0.007609307765960693
2019-07-01 00:00:00,1.99020254611969
2019-07-02 00:00:00,0.05225461721420288
2019-07-04 00:00:00,0.0552525520324707
2019-07-07 00:00:00,1.90152108669281
2019-07-07 00:00:00,1
2019-07-08 00:00:00,1
2019-07-09 00:00:00,1.623948335647583
2019-07-10 00:00:00,0.01692575216293335
2019-07-10 00:00:00,0.36782604455947876
2019-07-10 00:00:00,1.9715956449508667
2019-07-11 00:00:00,1.935021162033081
2019-07-11 00:00:00,1.996834933757782
2019-07-12 00:00:00,1.9981256127357483
2019-07-12 00:00:00,1.9587085843086243
2019-07-12 00:00:00,1
2019-07-12 00:00:00,1.7757196426391602
2019-07-14 00:00:00,1.9960277080535889
2019-07-14 00:00:00,1.9931921362876892
2019-07-15 00:00:00,0.26851505041122437
2019-07-16 00:00:00,0.40310412645339966
2019-07-16 00:00:00,1.9962552785873413
2019-07-17 00:00:00,1.9948177933692932
2019-07-17 00:00:00,0.16285359859466553
2019-07-18 00:00:00,0.17381292581558228
2019-07-18 00:00:00,0.3088747262954712
2019-07-19 00:00:00,0.08343863487243652
2019-07-20 00:00:00,1
2019-07-21 00:00:00,0.3327786922454834
2019-07-22 00:00:00,1
2019-07-25 00:00:00,1.943030595779419
2019-07-25 00:00:00,1
2019-07-25 00:00:00,1
2019-07-26 00:00:00,0.038725197315216064
2019-07-26 00:00:00,0.03411364555358887
2019-07-26 00:00:00,1
2019-07-26 00:00:00,1
2019-07-27 00:00:00,1.986425757408142
2019-07-27 00:00:00,0.31103527545928955
2019-07-27 00:00:00,1
2019-07-27 00:00:00,0.28824496269226074
2019-07-27 00:00:00,0.3955461382865906
2019-07-28 00:00:00,0.27754706144332886
2019-07-29 00:00:00,1
2019-07-30 00:00:00,1.9490723013877869
2019-07-30 00:00:00,1.99505615234375
2019-07-30 00:00:00,1
2019-07-31 00:00:00,0.2939659357070923
2019-08-01 00:00:00,1.9042049050331116
2019-08-01 00:00:00,1.9680688381195068
2019-08-02 00:00:00,1.9968984127044678
2019-08-02 00:00:00,0.019358575344085693
2019-08-04 00:00:00,1.9950249791145325
2019-08-05 00:00:00,1.6607276797294617
2019-08-05 00:00:00,1.9919310212135315
2019-08-05 00:00:00,0.40834182500839233
2019-08-06 00:00:00,0.048623621463775635
2019-08-07 00:00:00,1
2019-08-07 00:00:00,1.9989343285560608
2019-08-07 00:00:00,0.1608240008354187
2019-08-08 00:00:00,1.9785580039024353
2019-08-08 00:00:00,0.005467534065246582
2019-08-08 00:00:00,0.22139930725097656
2019-08-08 00:00:00,1
2019-08-08 00:00:00,1.8867389559745789
2019-08-08 00:00:00,1.9756699204444885
2019-08-09 00:00:00,1.9957149624824524
2019-08-09 00:00:00,1.9756270051002502
2019-08-09 00:00:00,1.8622918725013733
2019-08-09 00:00:00,1.7982633709907532
2019-08-10 00:00:00,1.9902971386909485
2019-08-10 00:00:00,0.012830018997192383
2019-08-11 00:00:00,0.008081972599029541
2019-08-11 00:00:00,1.891640305519104
2019-08-11 00:00:00,0.03868234157562256
2019-08-12 00:00:00,1.9657719135284424
2019-08-12 00:00:00,1
2019-08-12 00:00:00,0.012756288051605225
2019-08-12 00:00:00,1.9972360730171204
2019-08-12 00:00:00,1.8251377940177917
2019-08-12 00:00:00,1
2019-08-12 00:00:00,1.870933175086975
2019-08-13 00:00:00,1.9977107048034668
2019-08-13 00:00:00,0.07995253801345825
2019-08-13 00:00:00,1.9979885816574097
2019-08-13 00:00:00,1
2019-08-13 00:00:00,1.9231537580490112
2019-08-14 00:00:00,1.9967472553253174
2019-08-14 00:00:00,1.9968544840812683
2019-08-14 00:00:00,1
2019-08-14 00:00:00,0.009893715381622314
2019-08-14 00:00:00,1.660229206085205
2019-08-15 00:00:00,1.9977243542671204
2019-08-15 00:00:00,1.8645673990249634
2019-08-15 00:00:00,0.35453706979751587
2019-08-15 00:00:00,1
2019-08-15 00:00:00,0.03652995824813843
2019-08-16 00:00:00,1.996389925479889
2019-08-16 00:00:00,1.5988446474075317
2019-08-16 00:00:00,0.013296246528625488
2019-08-16 00:00:00,0.016687989234924316
2019-08-17 00:00:00,1.9984721541404724
2019-08-17 00:00:00,0.015429675579071045
2019-08-17 00:00:00,1
2019-08-17 00:00:00,1
2019-08-17 00:00:00,1
2019-08-17 00:00:00,0.34075456857681274
2019-08-17 00:00:00,1.9357185363769531
2019-08-18 00:00:00,1.652843415737152
2019-08-18 00:00:00,1
2019-08-18 00:00:00,0.00933295488357544
2019-08-18 00:00:00,1.9986730813980103
2019-08-18 00:00:00,0.007689714431762695
2019-08-19 00:00:00,1
2019-08-19 00:00:00,1
2019-08-19 00:00:00,1
2019-08-19 00:00:00,1.9876298308372498
2019-08-19 00:00:00,1.9429323077201843
2019-08-19 00:00:00,0.12711119651794434
2019-08-19 00:00:00,1
2019-08-19 00:00:00,0.059148430824279785
2019-08-19 00:00:00,1
2019-08-20 00:00:00,1.9974451065063477
2019-08-20 00:00:00,1.9937525391578674
2019-08-20 00:00:00,1
2019-08-20 00:00:00,1.9975703358650208
2019-08-21 00:00:00,1.9972633123397827
2019-08-21 00:00:00,0.37922871112823486
2019-08-22 00:00:00,1
2019-08-22 00:00:00,1
2019-08-23 00:00:00,1.9976515173912048
2019-08-23 00:00:00,1
2019-08-23 00:00:00,1.8903554677963257
2019-08-23 00:00:00,0.004950225353240967
2019-08-24 00:00:00,1
2019-08-24 00:00:00,1.995599627494812
2019-08-24 00:00:00,1
2019-08-24 00:00:00,1
2019-08-24 00:00:00,0.057852745056152344
2019-08-24 00:00:00,0.322687566280365
2019-08-24 00:00:00,1.899864912033081
2019-08-25 00:00:00,1
2019-08-25 00:00:00,1.8604500889778137
2019-08-25 00:00:00,0.41738569736480713
2019-08-26 00:00:00,1
2019-08-27 00:00:00,1
2019-08-27 00:00:00,1.9950350522994995
2019-08-28 00:00:00,1.9100350141525269
2019-08-28 00:00:00,1
2019-08-29 00:00:00,1.994885504245758
2019-08-30 00:00:00,0.18713903427124023
2019-08-30 00:00:00,1
2019-08-30 00:00:00,1.9902212619781494
2019-08-30 00:00:00,1.9983415603637695
2019-08-31 00:00:00,0.05969727039337158
2019-09-01 00:00:00,1
2019-09-02 00:00:00,1.992468774318695
2019-09-02 00:00:00,0.011596977710723877
2019-09-02 00:00:00,1
2019-09-03 00:00:00,1.9843722581863403
2019-09-03 00:00:00,0.018778681755065918
2019-09-04 00:00:00,1.9714007377624512
2019-09-04 00:00:00,1
2019-09-04 00:00:00,0.3449382781982422
2019-09-04 00:00:00,1
2019-09-04 00:00:00,0.21868228912353516
2019-09-05 00:00:00,1
2019-09-05 00:00:00,0.36499595642089844
2019-09-05 00:00:00,1
2019-09-06 00:00:00,1.99843031167984
2019-09-07 00:00:00,1.9974400997161865
2019-09-07 00:00:00,1.9815346002578735
2019-09-07 00:00:00,1.9979737401008606
2019-09-08 00:00:00,0.16292232275009155
2019-09-09 00:00:00,0.1462605595588684
2019-09-09 00:00:00,1.9918696880340576
2019-09-09 00:00:00,0.3404614329338074
2019-09-09 00:00:00,1
2019-09-10 00:00:00,0.18415212631225586
2019-09-10 00:00:00,0.031667888164520264
2019-09-11 00:00:00,1.9040157198905945
2019-09-12 00:00:00,1.9973316192626953
2019-09-12 00:00:00,1
2019-09-12 00:00:00,1.998133361339569
2019-09-12 00:00:00,1.9785321950912476
2019-09-12 00:00:00,1
2019-09-13 00:00:00,1.8772720694541931
2019-09-13 00:00:00,1
2019-09-13 00:00:00,0.17413800954818726
2019-09-13 00:00:00,1.9940711855888367
2019-09-13 00:00:00,1.793908417224884
2019-09-14 00:00:00,0.11695045232772827
2019-09-15 00:00:00,1.9905965328216553
2019-09-15 00:00:00,1
2019-09-15 00:00:00,1
2019-09-15 00:00:00,0.12885671854019165
2019-09-16 00:00:00,1
2019-09-18 00:00:00,1.9977105855941772
2019-09-18 00:00:00,1.9618101716041565
2019-09-19 00:00:00,1
2019-09-20 00:00:00,1
2019-09-21 00:00:00,1
2019-09-22 00:00:00,0.4605931043624878
2019-09-23 00:00:00,1
2019-09-23 00:00:00,1.7705854177474976
2019-09-23 00:00:00,1.99715256690979
2019-09-23 00:00:00,1
2019-09-23 00:00:00,1
2019-09-24 00:00:00,1
2019-09-24 00:00:00,0.09307640790939331
2019-09-25 00:00:00,1
2019-09-25 00:00:00,1
2019-09-26 00:00:00,1
2019-09-26 00:00:00,1.9911350011825562
2019-09-26 00:00:00,0.07959860563278198
2019-09-26 00:00:00,1.9624496102333069
2019-09-27 00:00:00,1
2019-09-28 00:00:00,0.16462457180023193
2019-09-28 00:00:00,1
2019-09-28 00:00:00,1
2019-09-29 00:00:00,1
2019-09-29 00:00:00,1
2019-09-30 00:00:00,1
2019-09-30 00:00:00,1.7691841125488281
2019-09-30 00:00:00,1.9981220364570618
2019-10-01 00:00:00,1.9966309666633606
2019-10-01 00:00:00,1
2019-10-01 00:00:00,1.8050466179847717
2019-10-01 00:00:00,1.9870197772979736
2019-10-02 00:00:00,1.9912647604942322
2019-10-02 00:00:00,1.9966940879821777
2019-10-02 00:00:00,1.791035234928131
2019-10-03 00:00:00,1.9986963868141174
2019-10-03 00:00:00,1.9852184653282166
2019-10-04 00:00:00,0.04197901487350464
2019-10-04 00:00:00,1
2019-10-04 00:00:00,0.42744797468185425
2019-10-04 00:00:00,0.0859951376914978
2019-10-04 00:00:00,0.3333575129508972
2019-10-05 00:00:00,1
2019-10-05 00:00:00,1
2019-10-06 00:00:00,1
2019-10-06 00:00:00,1
2019-10-06 00:00:00,0.3351714015007019
2019-10-06 00:00:00,1
2019-10-07 00:00:00,1
2019-10-08 00:00:00,1.7539774179458618
2019-10-08 00:00:00,1
2019-10-08 00:00:00,1
2019-10-09 00:00:00,1.891222894191742
2019-10-09 00:00:00,1
2019-10-09 00:00:00,0.04201465845108032
2019-10-09 00:00:00,0.06375503540039062
2019-10-10 00:00:00,1.5058452486991882
2019-10-10 00:00:00,1
2019-10-10 00:00:00,1
2019-10-10 00:00:00,0.41547447443008423
2019-10-11 00:00:00,1
2019-10-11 00:00:00,1
2019-10-11 00:00:00,1
2019-10-11 00:00:00,1
2019-10-12 00:00:00,1
2019-10-12 00:00:00,1
2019-10-12 00:00:00,1
2019-10-12 00:00:00,1
2019-10-13 00:00:00,1
2019-10-13 00:00:00,0.04586511850357056
2019-10-14 00:00:00,1
2019-10-14 00:00:00,1
2019-10-14 00:00:00,1
2019-10-14 00:00:00,1
2019-10-14 00:00:00,1
2019-10-15 00:00:00,1.9893332123756409
2019-10-15 00:00:00,1
2019-10-15 00:00:00,0.2444024682044983
2019-10-15 00:00:00,0.07813066244125366
2019-10-15 00:00:00,1
2019-10-15 00:00:00,1
2019-10-16 00:00:00,0.1019059419631958
2019-10-16 00:00:00,0.08430975675582886
2019-10-16 00:00:00,0.017138957977294922
2019-10-16 00:00:00,0.5510880649089813
2019-10-16 00:00:00,1
2019-10-16 00:00:00,0.2698059678077698
2019-10-16 00:00:00,1
2019-10-16 00:00:00,0.40175527334213257
2019-10-16 00:00:00,0.19854408502578735
2019-10-16 00:00:00,1
2019-10-20 00:00:00,1
2019-10-20 00:00:00,0.07120800018310547
2019-10-20 00:00:00,0.07120800018310547
2019-10-20 00:00:00,1.5199090838432312
2019-10-20 00:00:00,0.31324124336242676
2019-10-20 00:00:00,0.3465365171432495
2019-10-20 00:00:00,1.9784128069877625
2019-10-20 00:00:00,1.978480339050293
2019-10-21 00:00:00,1.9945151805877686
2019-10-21 00:00:00,1
2019-10-21 00:00:00,1
2019-10-21 00:00:00,1.9689462780952454
2019-10-21 00:00:00,1.8358798027038574
2019-10-21 00:00:00,1
2019-10-21 00:00:00,1.992247223854065
2019-10-22 00:00:00,1
2019-10-22 00:00:00,0.23291796445846558
2019-10-22 00:00:00,1
2019-10-23 00:00:00,1
2019-10-23 00:00:00,1
2019-10-24 00:00:00,1
2019-10-24 00:00:00,1
2019-10-24 00:00:00,1
2019-10-24 00:00:00,1
2019-10-24 00:00:00,1
2019-10-24 00:00:00,1
2019-10-25 00:00:00,1.8865188956260681
2019-10-26 00:00:00,1
2019-10-26 00:00:00,1.8163869976997375
2019-10-26 00:00:00,0.05926680564880371
2019-10-27 00:00:00,1
2019-10-28 00:00:00,0.035024404525756836
2019-10-28 00:00:00,1
2019-10-30 00:00:00,1
2019-10-30 00:00:00,1.6209691166877747
2019-10-30 00:00:00,1.8504197001457214
2019-10-31 00:00:00,1.9796041250228882
2019-10-31 00:00:00,1
2019-11-01 00:00:00,1
2019-11-01 00:00:00,1.9955081939697266
2019-11-03 00:00:00,1
2019-11-04 00:00:00,1.5880817770957947
2019-11-05 00:00:00,1.987091064453125
2019-11-06 00:00:00,1.9878509640693665
2019-11-06 00:00:00,1
2019-11-06 00:00:00,1
2019-11-07 00:00:00,1.9948263764381409
2019-11-07 00:00:00,1.9947835803031921
2019-11-07 00:00:00,1.9693463444709778
2019-11-07 00:00:00,1.9693463444709778
2019-11-08 00:00:00,1
2019-11-08 00:00:00,1.9695140719413757
2019-11-09 00:00:00,1
2019-11-09 00:00:00,1
2019-11-09 00:00:00,1
2019-11-09 00:00:00,1
2019-11-10 00:00:00,1
2019-11-10 00:00:00,0.040103912353515625
2019-11-10 00:00:00,1
2019-11-10 00:00:00,1
2019-11-11 00:00:00,1
2019-11-11 00:00:00,1
2019-11-11 00:00:00,1
2019-11-11 00:00:00,1
2019-11-11 00:00:00,1
2019-11-11 00:00:00,1
2019-11-11 00:00:00,1
2019-11-11 00:00:00,1.9341865181922913
2019-11-11 00:00:00,1
2019-11-11 00:00:00,0.12709397077560425
2019-11-12 00:00:00,1.9629091024398804
2019-11-12 00:00:00,1.9246588945388794
2019-11-12 00:00:00,1.9113643765449524
2019-11-12 00:00:00,0.02776157855987549
2019-11-13 00:00:00,1
2019-11-14 00:00:00,1
2019-11-14 00:00:00,1
2019-11-18 00:00:00,1
2019-11-18 00:00:00,1.8112921118736267
2019-11-18 00:00:00,0.323459267616272
2019-11-20 00:00:00,1.993783950805664
2019-11-21 00:00:00,1
2019-11-22 00:00:00,1
2019-11-22 00:00:00,1
2019-11-22 00:00:00,1.9961530566215515
2019-11-24 00:00:00,1
2019-11-24 00:00:00,1
2019-11-25 00:00:00,0.007366836071014404
2019-11-26 00:00:00,1.9929231405258179
2019-11-28 00:00:00,1.9901902079582214
2019-11-28 00:00:00,0.10624581575393677
2019-11-29 00:00:00,1.9702787399291992
2019-12-01 00:00:00,1
2019-12-02 00:00:00,0.10091882944107056
2019-12-03 00:00:00,1
2019-12-05 00:00:00,1.9920296669006348
2019-12-06 00:00:00,1.6476946473121643
2019-12-07 00:00:00,1
2019-12-08 00:00:00,1
2019-12-08 00:00:00,1
2019-12-09 00:00:00,1
2019-12-10 00:00:00,0.2366228699684143
2019-12-11 00:00:00,1
2019-12-11 00:00:00,0.020057320594787598
2019-12-15 00:00:00,1
2019-12-16 00:00:00,1.9971331357955933
2019-12-16 00:00:00,1
2019-12-16 00:00:00,1
2019-12-17 00:00:00,1
2019-12-18 00:00:00,1.9970154762268066
2019-12-19 00:00:00,1
2019-12-20 00:00:00,1.9926654696464539
2019-12-22 00:00:00,1.7287558913230896
2019-12-26 00:00:00,1.9879348278045654
2019-12-29 00:00:00,1
2019-12-30 00:00:00,1
2020-01-03 00:00:00,1.9982388019561768
2020-01-05 00:00:00,1.9758933186531067
2020-01-06 00:00:00,1.9693929553031921
2020-01-07 00:00:00,1
2020-01-07 00:00:00,1
2020-01-12 00:00:00,1
2020-01-12 00:00:00,1.9933229088783264
2020-01-15 00:00:00,1
2020-01-16 00:00:00,1
2020-01-16 00:00:00,0.1891847848892212
2020-01-16 00:00:00,0.011649608612060547
2020-01-17 00:00:00,0.012050509452819824
2020-01-18 00:00:00,1
2020-01-19 00:00:00,1
2020-01-19 00:00:00,1.9801040887832642
2020-01-20 00:00:00,1
2020-01-21 00:00:00,1.8319020867347717
2020-01-21 00:00:00,1.7272677421569824
2020-01-21 00:00:00,1.9816478490829468
2020-01-22 00:00:00,1
2020-01-24 00:00:00,1
2020-01-26 00:00:00,1.7325319647789001
2020-01-27 00:00:00,1.9912290573120117
2020-01-29 00:00:00,1.964061975479126
2020-01-30 00:00:00,1.995023488998413
2020-01-30 00:00:00,1
2020-02-01 00:00:00,1
2020-02-02 00:00:00,1
2020-02-02 00:00:00,1
2020-02-04 00:00:00,1
2020-02-05 00:00:00,1.9957168698310852
2020-02-06 00:00:00,1.6927603483200073
2020-02-07 00:00:00,0.5967830419540405
2020-02-08 00:00:00,1
2020-02-08 00:00:00,0.09445297718048096
2020-02-10 00:00:00,1
2020-02-11 00:00:00,1.9844680428504944
2020-02-12 00:00:00,1.5130535960197449
2020-02-13 00:00:00,1
2020-02-13 00:00:00,0.11142712831497192
2020-02-15 00:00:00,1.9978692531585693
2020-02-19 00:00:00,1.9291983842849731
2020-02-20 00:00:00,1.9797213077545166
2020-02-21 00:00:00,1
2020-02-22 00:00:00,1.8116172552108765
2020-02-26 00:00:00,0.13891476392745972
2020-02-28 00:00:00,1.8778305053710938
2020-02-29 00:00:00,1.9260600805282593
2020-03-04 00:00:00,0.20832550525665283
2020-03-04 00:00:00,1.998157560825348
2020-03-05 00:00:00,1.9499343633651733
2020-03-06 00:00:00,0.0758163332939148
2020-03-06 00:00:00,1
2020-03-08 00:00:00,1
2020-03-10 00:00:00,1.6907640099525452
2020-03-11 00:00:00,1
2020-03-14 00:00:00,1.5702022910118103
2020-03-17 00:00:00,1
2020-03-17 00:00:00,1
2020-03-17 00:00:00,1
2020-03-18 00:00:00,1
2020-03-18 00:00:00,1
2020-03-19 00:00:00,0.1405741572380066
2020-03-19 00:00:00,1
2020-03-19 00:00:00,0.15538090467453003
2020-03-20 00:00:00,1
2020-03-21 00:00:00,1.98818039894104
2020-03-21 00:00:00,0.0444408655166626
2020-03-21 00:00:00,1
2020-03-22 00:00:00,1
2020-03-23 00:00:00,1
2020-03-23 00:00:00,1
2020-03-24 00:00:00,1
2020-03-24 00:00:00,1
2020-03-24 00:00:00,1
2020-03-24 00:00:00,0.16432255506515503
2020-03-24 00:00:00,1
2020-03-24 00:00:00,1
2020-03-24 00:00:00,1
2020-03-24 00:00:00,1
2020-03-25 00:00:00,0.10909008979797363
2020-03-25 00:00:00,1
2020-03-26 00:00:00,1
2020-03-27 00:00:00,1.662858247756958
2020-03-29 00:00:00,1
2020-03-30 00:00:00,1.7387580275535583
2020-03-31 00:00:00,1
2020-03-31 00:00:00,1.990833580493927
2020-03-31 00:00:00,1
2020-03-31 00:00:00,1
2020-03-31 00:00:00,1
2020-04-01 00:00:00,1
2020-04-01 00:00:00,1
2020-04-02 00:00:00,1
2020-04-02 00:00:00,1
2020-04-02 00:00:00,1
2020-04-03 00:00:00,1.9975199103355408
2020-04-03 00:00:00,1
2020-04-04 00:00:00,1
2020-04-05 00:00:00,0.020084500312805176
2020-04-06 00:00:00,1
2020-04-06 00:00:00,1.998605191707611
2020-04-06 00:00:00,1.9915097951889038
2020-04-07 00:00:00,1.9845313429832458
2020-04-07 00:00:00,1.9978565573692322
2020-04-07 00:00:00,1
2020-04-07 00:00:00,1.9641481041908264
2020-04-08 00:00:00,1.544995367527008
2020-04-08 00:00:00,1
2020-04-08 00:00:00,1.922365427017212
2020-04-08 00:00:00,1
2020-04-09 00:00:00,1
2020-04-09 00:00:00,1.9614864587783813
2020-04-10 00:00:00,1
2020-04-12 00:00:00,1
2020-04-12 00:00:00,1
2020-04-13 00:00:00,1.749706506729126
2020-04-13 00:00:00,1
2020-04-15 00:00:00,0.44943708181381226
2020-04-15 00:00:00,1
2020-04-15 00:00:00,1
2020-04-17 00:00:00,1.9967637062072754
2020-04-19 00:00:00,1
2020-04-20 00:00:00,1
2020-04-20 00:00:00,1.9723787307739258
2020-04-21 00:00:00,1
2020-04-21 00:00:00,1.9956392049789429
2020-04-22 00:00:00,1
2020-04-22 00:00:00,1.9443309307098389
2020-04-22 00:00:00,1.9340218305587769
2020-04-22 00:00:00,0.470500111579895
2020-04-23 00:00:00,1.8489927053451538
2020-04-23 00:00:00,0.038039207458496094
2020-04-23 00:00:00,1
2020-04-23 00:00:00,1.411300241947174
2020-04-24 00:00:00,1
2020-04-24 00:00:00,1
2020-04-24 00:00:00,1.9902997016906738
2020-04-24 00:00:00,0.4602770209312439
2020-04-24 00:00:00,1.9538204073905945
2020-04-27 00:00:00,1
2020-04-27 00:00:00,1.9939197301864624
2020-04-29 00:00:00,1
2020-04-29 00:00:00,1
2020-04-30 00:00:00,1.958313524723053
2020-05-01 00:00:00,1
2020-05-01 00:00:00,1
2020-05-01 00:00:00,0.39828377962112427
2020-05-03 00:00:00,1.988229513168335
2020-05-03 00:00:00,1
2020-05-04 00:00:00,1
2020-05-04 00:00:00,1.649851679801941
2020-05-06 00:00:00,1.9806022644042969
2020-05-08 00:00:00,1.9974706172943115
2020-05-09 00:00:00,0.3240748643875122
2020-05-09 00:00:00,1
2020-05-10 00:00:00,1
2020-05-11 00:00:00,1
2020-05-11 00:00:00,1
2020-05-12 00:00:00,1
2020-05-12 00:00:00,0.07450073957443237
2020-05-13 00:00:00,1.953794002532959
2020-05-13 00:00:00,1.8498495221138
2020-05-15 00:00:00,1
2020-05-16 00:00:00,1.998477280139923
2020-05-16 00:00:00,1
2020-05-18 00:00:00,1.8018697500228882
2020-05-19 00:00:00,1
2020-05-20 00:00:00,1.9044718146324158
2020-05-20 00:00:00,1.9980987906455994
2020-05-20 00:00:00,1.991694152355194
2020-05-22 00:00:00,1.9967352747917175
2020-05-22 00:00:00,1
2020-05-23 00:00:00,1.997852087020874
2020-05-25 00:00:00,1
2020-05-25 00:00:00,1.6549600958824158
2020-05-25 00:00:00,1.988469660282135
2020-05-26 00:00:00,1
2020-05-27 00:00:00,1.988633632659912
2020-05-27 00:00:00,1
2020-05-27 00:00:00,0.04348355531692505
2020-05-28 00:00:00,1.9976944327354431
2020-05-29 00:00:00,1
2020-05-29 00:00:00,1.619750738143921
2020-06-01 00:00:00,1.9941192865371704
2020-06-02 00:00:00,1
2020-06-03 00:00:00,1.9447901844978333
2020-06-03 00:00:00,1.9892688393592834
2020-06-03 00:00:00,1
2020-06-03 00:00:00,1.9748138189315796
2020-06-04 00:00:00,1.9912731051445007
2020-06-05 00:00:00,1
2020-06-05 00:00:00,1
2020-06-05 00:00:00,1.5587890148162842
2020-06-06 00:00:00,1
2020-06-06 00:00:00,0.06198304891586304
2020-06-06 00:00:00,1
2020-06-07 00:00:00,1
2020-06-08 00:00:00,1.992051601409912
2020-06-08 00:00:00,0.1870112419128418
2020-06-09 00:00:00,1.9970974922180176
2020-06-10 00:00:00,1
2020-06-10 00:00:00,1.5845153331756592
2020-06-11 00:00:00,1.9954954385757446
2020-06-11 00:00:00,1.9844765067100525
2020-06-11 00:00:00,1.855248749256134
2020-06-12 00:00:00,1.997050166130066
2020-06-12 00:00:00,1
2020-06-15 00:00:00,1.9928333759307861
2020-06-16 00:00:00,1
2020-06-17 00:00:00,1
2020-06-19 00:00:00,1.804305374622345
2020-06-19 00:00:00,1.9470226168632507
2020-06-20 00:00:00,1
2020-06-21 00:00:00,1.808784544467926
2020-06-21 00:00:00,1.8367626070976257
2020-06-24 00:00:00,1
2020-06-24 00:00:00,0.4719095230102539
2020-06-26 00:00:00,1.9852311611175537
2020-06-26 00:00:00,1.971519112586975
2020-06-26 00:00:00,1.990830421447754
2020-06-28 00:00:00,1.9426424503326416
2020-06-29 00:00:00,1.9939448237419128
2020-07-01 00:00:00,1.9974750876426697
2020-07-03 00:00:00,1
2020-07-05 00:00:00,1.9768710732460022
2020-07-06 00:00:00,1
2020-07-06 00:00:00,1.9791250824928284
2020-07-06 00:00:00,1
2020-07-08 00:00:00,1.9975836277008057
2020-07-09 00:00:00,1
2020-07-10 00:00:00,1
2020-07-10 00:00:00,1.9981585144996643
2020-07-10 00:00:00,1
2020-07-11 00:00:00,1
2020-07-13 00:00:00,1
2020-07-15 00:00:00,1.6398270726203918
2020-07-15 00:00:00,1.9805691242218018
2020-07-16 00:00:00,0.4281221628189087
2020-07-17 00:00:00,1
2020-07-17 00:00:00,1.9950320720672607
2020-07-17 00:00:00,0.12287598848342896
2020-07-19 00:00:00,1.989963948726654
2020-07-19 00:00:00,1.9498605728149414
2020-07-20 00:00:00,1.9514322876930237
2020-07-22 00:00:00,1
2020-07-23 00:00:00,1
2020-07-23 00:00:00,1
2020-07-24 00:00:00,1.9301304817199707
2020-07-24 00:00:00,1.6017951369285583
2020-07-25 00:00:00,1.9779276847839355
2020-07-27 00:00:00,1.9856707453727722
2020-07-27 00:00:00,0.0242193341255188
2020-07-28 00:00:00,1
2020-07-29 00:00:00,1
2020-07-29 00:00:00,1.996857762336731
2020-07-30 00:00:00,1.978500247001648
2020-07-31 00:00:00,1
2020-08-02 00:00:00,1
2020-08-03 00:00:00,1.9981011748313904
2020-08-03 00:00:00,1.7640998363494873
2020-08-03 00:00:00,1.9890961050987244
2020-08-04 00:00:00,1.8807233572006226
2020-08-05 00:00:00,1.997506558895111
2020-08-06 00:00:00,1
2020-08-07 00:00:00,1
2020-08-07 00:00:00,1
2020-08-08 00:00:00,1
2020-08-09 00:00:00,1
2020-08-12 00:00:00,1
2020-08-12 00:00:00,0.15274792909622192
2020-08-12 00:00:00,0.02159416675567627
2020-08-12 00:00:00,0.18886125087738037
2020-08-12 00:00:00,0.04363614320755005
2020-08-12 00:00:00,0.07016807794570923
2020-08-12 00:00:00,1.9018588066101074
2020-08-12 00:00:00,0.018222332000732422
2020-08-12 00:00:00,0.04331570863723755
2020-08-14 00:00:00,1
2020-08-14 00:00:00,1.978354811668396
2020-08-15 00:00:00,1
2020-08-16 00:00:00,0.009397029876708984
2020-08-16 00:00:00,1.9621527791023254
2020-08-17 00:00:00,1.9417691230773926
2020-08-17 00:00:00,0.06547558307647705
2020-08-18 00:00:00,1
2020-08-18 00:00:00,1.9625913500785828
2020-08-19 00:00:00,1.77403062582016
2020-08-19 00:00:00,1.6816498637199402
2020-08-20 00:00:00,1.9648874402046204
2020-08-21 00:00:00,1.5592461824417114
2020-08-21 00:00:00,1
2020-08-24 00:00:00,1
2020-08-25 00:00:00,1.9756028652191162
2020-08-26 00:00:00,0.010686933994293213
2020-08-26 00:00:00,1.994766354560852
2020-08-28 00:00:00,1.9846569895744324
2020-08-31 00:00:00,1
2020-09-02 00:00:00,1
2020-09-03 00:00:00,1.9983587861061096
2020-09-04 00:00:00,1.659991443157196
2020-09-05 00:00:00,0.08789515495300293
2020-09-05 00:00:00,0.27039217948913574
2020-09-05 00:00:00,1.8802178502082825
2020-09-06 00:00:00,1
2020-09-06 00:00:00,1
2020-09-06 00:00:00,1
2020-09-06 00:00:00,1.7015383839607239
2020-09-06 00:00:00,1
2020-09-06 00:00:00,1
2020-09-06 00:00:00,1.9942979216575623
2020-09-07 00:00:00,1.99405837059021
2020-09-07 00:00:00,1
2020-09-07 00:00:00,0.0320584774017334
2020-09-08 00:00:00,0.2627596855163574
2020-09-08 00:00:00,1.99400794506073
2020-09-10 00:00:00,1.960437297821045
2020-09-11 00:00:00,1.7727051973342896
2020-09-11 00:00:00,1
2020-09-12 00:00:00,0.02118772268295288
2020-09-13 00:00:00,1.967659831047058
2020-09-14 00:00:00,0.1282808780670166
2020-09-14 00:00:00,1
2020-09-14 00:00:00,1
2020-09-15 00:00:00,0.29976511001586914
2020-09-15 00:00:00,0.467960000038147
2020-09-16 00:00:00,1.7994164824485779
2020-09-16 00:00:00,1
2020-09-17 00:00:00,1
2020-09-17 00:00:00,1
2020-09-17 00:00:00,0.25160664319992065
2020-09-17 00:00:00,1.8351290225982666
2020-09-18 00:00:00,1
2020-09-18 00:00:00,1
2020-09-18 00:00:00,1
2020-09-18 00:00:00,0.3780483603477478
2020-09-18 00:00:00,1
2020-09-18 00:00:00,1
2020-09-19 00:00:00,1
2020-09-20 00:00:00,1
2020-09-20 00:00:00,1
2020-09-20 00:00:00,0.020228207111358643
2020-09-20 00:00:00,1
2020-09-21 00:00:00,0.14726513624191284
2020-09-21 00:00:00,1
2020-09-21 00:00:00,1.8178884387016296
2020-09-21 00:00:00,1
2020-09-21 00:00:00,1
2020-09-21 00:00:00,1
2020-09-21 00:00:00,1
2020-09-21 00:00:00,1.9627358317375183
2020-09-22 00:00:00,1
2020-09-22 00:00:00,1
2020-09-23 00:00:00,1
2020-09-23 00:00:00,0.30381596088409424
2020-09-24 00:00:00,0.024140775203704834
2020-09-24 00:00:00,0.012261629104614258
2020-09-24 00:00:00,0.1647813320159912
2020-09-25 00:00:00,1
2020-09-26 00:00:00,1
2020-09-27 00:00:00,1
2020-09-27 00:00:00,1
2020-09-27 00:00:00,1
2020-09-27 00:00:00,1
2020-09-27 00:00:00,1
2020-09-27 00:00:00,0.22558820247650146
2020-09-27 00:00:00,1
2020-09-27 00:00:00,0.09528833627700806
2020-09-27 00:00:00,0.5093540549278259
2020-09-27 00:00:00,0.033415377140045166
2020-09-28 00:00:00,1.9639947414398193
2020-09-28 00:00:00,1
2020-09-28 00:00:00,1
2020-09-28 00:00:00,1
2020-09-29 00:00:00,0.12805217504501343
2020-09-29 00:00:00,1
2020-09-30 00:00:00,1.9807042479515076
2020-09-30 00:00:00,1.8053178787231445
2020-09-30 00:00:00,0.23962026834487915
2020-09-30 00:00:00,0.39931046962738037
2020-10-01 00:00:00,0.42687565088272095
2020-10-01 00:00:00,1
2020-10-02 00:00:00,1
2020-10-02 00:00:00,1.8814947605133057
2020-10-02 00:00:00,1
2020-10-02 00:00:00,0.346402108669281
2020-10-02 00:00:00,1
2020-10-03 00:00:00,1
2020-10-03 00:00:00,1
2020-10-03 00:00:00,1.9867026209831238
2020-10-03 00:00:00,1
2020-10-03 00:00:00,1
2020-10-03 00:00:00,1.9085280895233154
2020-10-03 00:00:00,1.76601642370224
2020-10-03 00:00:00,1.5000998973846436
2020-10-03 00:00:00,1.9821906089782715
2020-10-03 00:00:00,1.6187195181846619
2020-10-03 00:00:00,1
2020-10-03 00:00:00,1
2020-10-03 00:00:00,1.5267630815505981
2020-10-03 00:00:00,1
2020-10-03 00:00:00,1.9315186738967896
2020-10-04 00:00:00,1
2020-10-05 00:00:00,1.90560644865036
2020-10-05 00:00:00,1
2020-10-06 00:00:00,1.8532666563987732
2020-10-06 00:00:00,1
2020-10-07 00:00:00,1
2020-10-07 00:00:00,1
2020-10-07 00:00:00,1
2020-10-08 00:00:00,1.9931893348693848
2020-10-08 00:00:00,1.9912153482437134
2020-10-08 00:00:00,1
2020-10-08 00:00:00,1.6578189730644226
2020-10-08 00:00:00,1.9830190539360046
2020-10-08 00:00:00,0.3230220079421997
2020-10-09 00:00:00,1.990452766418457
2020-10-09 00:00:00,1
2020-10-09 00:00:00,1
2020-10-09 00:00:00,1.4613498449325562
2020-10-10 00:00:00,1.7403404116630554
2020-10-10 00:00:00,1.555598795413971
2020-10-10 00:00:00,1
2020-10-10 00:00:00,1
2020-10-11 00:00:00,1
2020-10-11 00:00:00,0.1176612377166748
2020-10-12 00:00:00,1
2020-10-12 00:00:00,1
2020-10-12 00:00:00,0.4204423427581787
2020-10-13 00:00:00,0.32245779037475586
2020-10-13 00:00:00,0.2233797311782837
2020-10-13 00:00:00,1
2020-10-13 00:00:00,0.44160497188568115
2020-10-13 00:00:00,1
2020-10-13 00:00:00,1
2020-10-13 00:00:00,1
2020-10-13 00:00:00,0.25815320014953613
2020-10-14 00:00:00,1
2020-10-14 00:00:00,1
2020-10-14 00:00:00,1
2020-10-14 00:00:00,0.04532736539840698
2020-10-14 00:00:00,0.17524325847625732
2020-10-16 00:00:00,1
2020-10-17 00:00:00,1
2020-10-18 00:00:00,0.49534690380096436
2020-10-19 00:00:00,0.40535998344421387
2020-10-20 00:00:00,0.06022769212722778
2020-10-21 00:00:00,1.948952555656433
2020-10-22 00:00:00,1.9803960919380188
2020-10-23 00:00:00,1
2020-10-27 00:00:00,1
2020-10-27 00:00:00,1.983377456665039
2020-11-04 00:00:00,1
2020-11-04 00:00:00,1
2020-11-05 00:00:00,1
2020-11-07 00:00:00,0.10222601890563965
2020-11-08 00:00:00,1.5718768239021301
2020-11-08 00:00:00,1
2020-11-08 00:00:00,1
2020-11-08 00:00:00,1
2020-11-08 00:00:00,1.6850543022155762
2020-11-08 00:00:00,1
2020-11-10 00:00:00,0.33589988946914673
2020-11-11 00:00:00,1.5851954221725464
2020-11-12 00:00:00,1
2020-11-14 00:00:00,1.9324784874916077
2020-11-18 00:00:00,0.06061428785324097
2020-11-18 00:00:00,1
2020-11-22 00:00:00,1
2020-11-24 00:00:00,1
2020-11-25 00:00:00,1.6341753005981445
2020-11-25 00:00:00,1
2020-11-25 00:00:00,1
2020-11-26 00:00:00,1.9769501686096191
2020-11-30 00:00:00,0.32755863666534424
2020-12-02 00:00:00,1
2020-12-03 00:00:00,1.7045273184776306
2020-12-04 00:00:00,1
2020-12-06 00:00:00,1.8458439111709595
2020-12-08 00:00:00,1
2020-12-09 00:00:00,1
2020-12-13 00:00:00,1
2020-12-15 00:00:00,1
2020-12-15 00:00:00,1
2020-12-23 00:00:00,0.004176735877990723
2020-12-24 00:00:00,0.20185625553131104
2020-12-30 00:00:00,1.5455225110054016
2020-12-31 00:00:00,0.004812002182006836
2020-12-31 00:00:00,0.27230149507522583
2021-01-01 00:00:00,0.2829013466835022
2021-01-03 00:00:00,1
2021-01-04 00:00:00,1.8262908458709717
2021-01-05 00:00:00,1.9669750332832336
2021-01-07 00:00:00,1.9948175549507141
2021-01-07 00:00:00,1.9948139190673828
2021-01-13 00:00:00,1
2021-01-14 00:00:00,1.984891414642334
2021-01-15 00:00:00,1.5642220973968506
2021-01-16 00:00:00,1.9811378717422485
2021-01-17 00:00:00,1.8267647624015808
2021-01-19 00:00:00,1
2021-01-19 00:00:00,1
2021-01-20 00:00:00,0.043383777141571045
2021-01-20 00:00:00,1
2021-01-21 00:00:00,1.9662997722625732
2021-01-23 00:00:00,1.9906659722328186
2021-01-23 00:00:00,1.827667772769928
2021-01-25 00:00:00,1.916117548942566
2021-01-26 00:00:00,1
2021-01-28 00:00:00,1.6959741115570068
2021-01-30 00:00:00,1.8491048216819763
2021-01-31 00:00:00,1.7914147973060608
2021-01-31 00:00:00,1.6449836492538452
2021-01-31 00:00:00,1.9951308965682983
2021-02-01 00:00:00,1.981914222240448
2021-02-03 00:00:00,1.9975411891937256
2021-02-04 00:00:00,0.010408580303192139
2021-02-04 00:00:00,1.9900519251823425
2021-02-09 00:00:00,1.9984484910964966
2021-02-09 00:00:00,1
2021-02-12 00:00:00,1.996231734752655
2021-02-12 00:00:00,1
2021-02-13 00:00:00,1.9734894037246704
2021-02-16 00:00:00,1.8875190019607544
2021-02-17 00:00:00,1.9834184050559998
2021-02-17 00:00:00,1
2021-02-18 00:00:00,1
2021-02-19 00:00:00,1.9963801503181458
2021-02-20 00:00:00,1
2021-02-21 00:00:00,1
2021-02-22 00:00:00,1
2021-02-23 00:00:00,1
2021-02-23 00:00:00,1
2021-02-24 00:00:00,1.9968287348747253
2021-02-26 00:00:00,0.04325580596923828
2021-02-26 00:00:00,1.9915329813957214
2021-02-27 00:00:00,1.8777540922164917
2021-03-02 00:00:00,1.9920004606246948
2021-03-03 00:00:00,1
2021-03-03 00:00:00,1.993126630783081
2021-03-03 00:00:00,0.2031846046447754
2021-03-06 00:00:00,0.07809114456176758
2021-03-06 00:00:00,1
2021-03-06 00:00:00,0.030631601810455322
2021-03-07 00:00:00,0.20682722330093384
2021-03-08 00:00:00,0.01642078161239624
2021-03-10 00:00:00,1.9983256459236145
2021-03-10 00:00:00,1.555984377861023
2021-03-12 00:00:00,1.995048463344574
2021-03-12 00:00:00,1.866856873035431
2021-03-13 00:00:00,1.9748550057411194
2021-03-14 00:00:00,0.04548770189285278
2021-03-14 00:00:00,1
2021-03-15 00:00:00,1.9911471009254456
2021-03-16 00:00:00,1.7527328729629517
2021-03-18 00:00:00,1
2021-03-19 00:00:00,1.8523241877555847
2021-03-19 00:00:00,1
2021-03-22 00:00:00,1
2021-03-23 00:00:00,1.7615907192230225
2021-03-23 00:00:00,1
2021-03-23 00:00:00,1
2021-03-24 00:00:00,1
2021-03-25 00:00:00,1.9776197671890259
2021-03-29 00:00:00,1
2021-03-29 00:00:00,1
2021-03-30 00:00:00,1.9557268023490906
2021-03-31 00:00:00,1
2021-04-01 00:00:00,1.9654788970947266
2021-04-05 00:00:00,1.9533992409706116
2021-04-08 00:00:00,1.998343586921692
2021-04-11 00:00:00,0.1437947154045105
2021-04-12 00:00:00,1.9970012307167053
2021-04-12 00:00:00,1
2021-04-13 00:00:00,0.3142024874687195
2021-04-14 00:00:00,1.9954609274864197
2021-04-15 00:00:00,0.14936453104019165
2021-04-19 00:00:00,1.9861787557601929
2021-04-20 00:00:00,0.027776241302490234
2021-04-21 00:00:00,0.14272618293762207
2021-04-22 00:00:00,1
2021-04-23 00:00:00,1.9848276376724243
2021-04-23 00:00:00,0.18107420206069946
2021-04-26 00:00:00,1
2021-04-27 00:00:00,1.9690849781036377
2021-04-28 00:00:00,1.6152033805847168
2021-04-28 00:00:00,1.9814803004264832
2021-04-29 00:00:00,0.2593809962272644
2021-05-03 00:00:00,1.6916663646697998
2021-05-05 00:00:00,1
2021-05-07 00:00:00,1.9980778694152832
2021-05-08 00:00:00,1.9983553290367126
2021-05-10 00:00:00,1
2021-05-11 00:00:00,1
2021-05-14 00:00:00,1.9286348223686218
2021-05-17 00:00:00,1.9097233414649963
2021-05-18 00:00:00,1.940891683101654
2021-05-19 00:00:00,1.9922637939453125
2021-05-19 00:00:00,1.984357476234436
2021-05-20 00:00:00,1
2021-05-21 00:00:00,1.9419429898262024
2021-05-23 00:00:00,1
2021-05-24 00:00:00,1.9975402355194092
2021-05-25 00:00:00,0.45914268493652344
2021-05-26 00:00:00,1
2021-05-26 00:00:00,1.9961020946502686
2021-05-27 00:00:00,1
2021-05-28 00:00:00,1.8450466394424438
2021-05-29 00:00:00,1.9521533250808716
2021-05-30 00:00:00,1.829771339893341
2021-05-31 00:00:00,1.8853422403335571
2021-06-01 00:00:00,1.8058663606643677
2021-06-02 00:00:00,1.849037766456604
2021-06-03 00:00:00,1.9971060156822205
2021-06-03 00:00:00,1.825489580631256
2021-06-03 00:00:00,1.994831144809723
2021-06-03 00:00:00,0.01379239559173584
2021-06-05 00:00:00,1.9917486906051636
2021-06-06 00:00:00,1
2021-06-07 00:00:00,1
2021-06-07 00:00:00,1.7361646890640259
2021-06-09 00:00:00,0.017625927925109863
2021-06-10 00:00:00,1.9948252439498901
2021-06-10 00:00:00,1.5458645820617676
2021-06-12 00:00:00,1.992159903049469
2021-06-12 00:00:00,1.9513418674468994
2021-06-14 00:00:00,1.8808974027633667
2021-06-16 00:00:00,1.8211886286735535
2021-06-16 00:00:00,1.811737298965454
2021-06-17 00:00:00,1
2021-06-17 00:00:00,1.9623722434043884
2021-06-19 00:00:00,1.8429540395736694
2021-06-22 00:00:00,1.995528519153595
2021-06-24 00:00:00,1
2021-06-25 00:00:00,1
2021-06-25 00:00:00,1.9848487973213196
2021-06-28 00:00:00,1.9801836609840393
2021-06-29 00:00:00,1.912914216518402
2021-06-29 00:00:00,1.9471896290779114
2021-07-01 00:00:00,1.9973691701889038
2021-07-02 00:00:00,1.7995407581329346
2021-07-05 00:00:00,1.9463992714881897
2021-07-05 00:00:00,1.959177851676941
2021-07-06 00:00:00,1
2021-07-06 00:00:00,1.8805587887763977
2021-07-09 00:00:00,1
2021-07-10 00:00:00,1.9876788258552551
2021-07-12 00:00:00,1.8444026708602905
2021-07-13 00:00:00,1.977816879749298
2021-07-14 00:00:00,1.9977614879608154
2021-07-15 00:00:00,1
2021-07-16 00:00:00,0.03657788038253784
2021-07-17 00:00:00,1.9856973886489868
2021-07-17 00:00:00,1.7583405375480652
2021-07-20 00:00:00,0.4463624358177185
2021-07-22 00:00:00,1.9918946623802185
2021-07-24 00:00:00,1.996990442276001
2021-07-25 00:00:00,1.5526220202445984
2021-07-26 00:00:00,1.998249590396881
2021-07-27 00:00:00,1.7687808871269226
2021-08-04 00:00:00,1
2021-08-05 00:00:00,1
2021-08-05 00:00:00,1.9876903295516968
2021-08-06 00:00:00,0.37220460176467896
2021-08-09 00:00:00,1.8067988753318787
2021-08-09 00:00:00,1.98324316740036
2021-08-10 00:00:00,1
2021-08-10 00:00:00,1.994689702987671
2021-08-11 00:00:00,1.901401162147522
2021-08-11 00:00:00,1.9791603684425354
2021-08-12 00:00:00,1
2021-08-12 00:00:00,1.9531943798065186
2021-08-13 00:00:00,1.7966013550758362
2021-08-17 00:00:00,1.9858350157737732
2021-08-17 00:00:00,1.793112576007843
2021-08-19 00:00:00,1.9856719970703125
2021-08-21 00:00:00,1.8482926487922668
2021-08-21 00:00:00,1.888387680053711
2021-08-23 00:00:00,1
2021-08-24 00:00:00,1.9892147183418274
2021-08-25 00:00:00,1.837037980556488
2021-08-26 00:00:00,1.968883991241455
2021-08-26 00:00:00,1.9941546320915222
2021-08-28 00:00:00,1
2021-08-29 00:00:00,1.8759244084358215
2021-08-30 00:00:00,1.9946775436401367
2021-08-30 00:00:00,1.9932136535644531
2021-09-01 00:00:00,1.9981918931007385
2021-09-02 00:00:00,1
2021-09-03 00:00:00,1.9869530200958252
2021-09-04 00:00:00,1.9963759779930115
2021-09-04 00:00:00,1.996056079864502
2021-09-06 00:00:00,1.967063307762146
2021-09-07 00:00:00,1.587373435497284
2021-09-07 00:00:00,1
2021-09-08 00:00:00,1.9957018494606018
2021-09-10 00:00:00,1.9919345378875732
2021-09-12 00:00:00,1
2021-09-13 00:00:00,0.010575652122497559
2021-09-13 00:00:00,1.9619348049163818
2021-09-14 00:00:00,0.2161010503768921
2021-09-15 00:00:00,1
2021-09-17 00:00:00,1.9898306727409363
2021-09-19 00:00:00,0.05850797891616821
2021-09-20 00:00:00,1.9771939516067505
2021-09-21 00:00:00,1.987126648426056
2021-09-23 00:00:00,1.938206672668457
2021-09-24 00:00:00,0.18613290786743164
2021-09-24 00:00:00,0.03167724609375
2021-09-25 00:00:00,1.83580482006073
2021-09-25 00:00:00,1.9835649132728577
2021-09-26 00:00:00,0.5844272673130035
2021-09-27 00:00:00,1.9946874380111694
2021-09-27 00:00:00,1.9854671955108643
2021-09-29 00:00:00,1.9835861325263977
2021-09-30 00:00:00,1
2021-09-30 00:00:00,1.9822872281074524
2021-09-30 00:00:00,1.99506276845932
2021-10-01 00:00:00,1.9865996837615967
2021-10-03 00:00:00,0.0042795538902282715
2021-10-05 00:00:00,1.8876307010650635
2021-10-06 00:00:00,0.4067845344543457
2021-10-09 00:00:00,1
2021-10-10 00:00:00,1
2021-10-11 00:00:00,1
2021-10-11 00:00:00,1.9601313471794128
2021-10-11 00:00:00,1.8872544169425964
2021-10-13 00:00:00,1.972135841846466
2021-10-14 00:00:00,1.9648258686065674
2021-10-14 00:00:00,1.8565483689308167
2021-10-14 00:00:00,1
2021-10-14 00:00:00,0.0047719478607177734
2021-10-15 00:00:00,1.9827516674995422
2021-10-17 00:00:00,1.992208182811737
2021-10-19 00:00:00,1
2021-10-20 00:00:00,1
2021-10-20 00:00:00,1.927850365638733
2021-10-20 00:00:00,1
2021-10-24 00:00:00,1
2021-10-29 00:00:00,1.997416615486145
2021-11-04 00:00:00,1
2021-11-06 00:00:00,1.997074842453003
2021-11-09 00:00:00,1.9052757024765015
2021-11-09 00:00:00,1.9848752617835999
2021-11-10 00:00:00,1
2021-11-10 00:00:00,1.7288917899131775
2021-11-11 00:00:00,1.9972334504127502
2021-11-12 00:00:00,1.9964287877082825
2021-11-13 00:00:00,1.9910366535186768
2021-11-15 00:00:00,1
2021-11-15 00:00:00,1.9962632060050964
2021-11-17 00:00:00,1
2021-11-18 00:00:00,0.09035873413085938
2021-11-20 00:00:00,0.09086328744888306
2021-11-22 00:00:00,1.9969393014907837
2021-11-23 00:00:00,1
2021-11-23 00:00:00,1.7577313780784607
2021-11-24 00:00:00,1.9115774035453796
2021-11-25 00:00:00,1
2021-11-26 00:00:00,1.764695942401886
2021-11-30 00:00:00,1.994692623615265
2021-12-01 00:00:00,1.9891230463981628
2021-12-02 00:00:00,1.9895774126052856
2021-12-06 00:00:00,1.9909018874168396
2021-12-09 00:00:00,1.9962840676307678
2021-12-10 00:00:00,1.9972719550132751
2021-12-10 00:00:00,1.9975448250770569
2021-12-10 00:00:00,1
2021-12-11 00:00:00,1.9813193082809448
2021-12-12 00:00:00,0.012069225311279297
2021-12-12 00:00:00,1
2021-12-13 00:00:00,0.020285069942474365
2021-12-14 00:00:00,1.9812136888504028
2021-12-14 00:00:00,1
2021-12-16 00:00:00,1.9790685176849365
2021-12-20 00:00:00,1.9936424493789673
2021-12-23 00:00:00,1.596413254737854
2021-12-26 00:00:00,1.4973256886005402
2022-01-07 00:00:00,1.9970468878746033
2022-01-11 00:00:00,1.9486433863639832
2022-01-11 00:00:00,1.9530366659164429
2022-01-12 00:00:00,1.9934367537498474
2022-01-13 00:00:00,1.997620165348053
2022-01-15 00:00:00,1.932478666305542
2022-01-20 00:00:00,1.9795379042625427
2022-01-25 00:00:00,1.9277350306510925
2022-01-26 00:00:00,1
2022-01-26 00:00:00,1.9983550906181335
2022-01-27 00:00:00,1.8328663110733032
2022-01-27 00:00:00,1.9952143430709839
2022-01-28 00:00:00,1.9193594455718994
2022-01-30 00:00:00,1.9809895157814026
2022-02-01 00:00:00,1.9983583092689514
2022-02-02 00:00:00,1.996059536933899
2022-02-03 00:00:00,1.9923067688941956
2022-02-08 00:00:00,1.9308895468711853
2022-02-09 00:00:00,1.9873934984207153
2022-02-10 00:00:00,0.09286218881607056
2022-02-11 00:00:00,1.9963323473930359
2022-02-12 00:00:00,1
2022-02-13 00:00:00,1
2022-02-14 00:00:00,1.9943089485168457
2022-02-15 00:00:00,1.939990520477295
2022-02-16 00:00:00,1.9727866649627686
2022-02-16 00:00:00,0.0072217583656311035
2022-02-17 00:00:00,1.998294174671173
2022-02-17 00:00:00,0.007138192653656006
2022-02-17 00:00:00,1.9949594736099243
2022-02-18 00:00:00,1
2022-02-19 00:00:00,1.9760838150978088
2022-02-20 00:00:00,1
2022-02-22 00:00:00,1.9814183115959167
2022-02-23 00:00:00,1.9935205578804016
2022-02-24 00:00:00,1
2022-02-25 00:00:00,1.9882733821868896
2022-02-26 00:00:00,1.9948217868804932
2022-03-02 00:00:00,1.9884703159332275
2022-03-03 00:00:00,1.5765191912651062
2022-03-05 00:00:00,1.9801884889602661
2022-03-06 00:00:00,0.15102332830429077
2022-03-08 00:00:00,1
2022-03-09 00:00:00,1.9821892380714417
2022-03-11 00:00:00,0.24392998218536377
2022-03-13 00:00:00,1.9609307050704956
2022-03-15 00:00:00,1
2022-03-15 00:00:00,1.9295699000358582
2022-03-18 00:00:00,1.9563630819320679
2022-03-19 00:00:00,1.9765143394470215
2022-03-22 00:00:00,1.9957857728004456
2022-03-23 00:00:00,0.41680246591567993
2022-03-24 00:00:00,0.014373362064361572
2022-03-26 00:00:00,0.01349109411239624
